candidate,norm,count,relative_frequency,expected_uniform_count
1,0,35,0.0035,39.8406374501992
1,1,37,0.0037,39.8406374501992
1,2,34,0.0034,39.8406374501992
1,3,49,0.0049,39.8406374501992
1,4,48,0.0048,39.8406374501992
1,5,32,0.0032,39.8406374501992
1,6,47,0.0047,39.8406374501992
1,7,45,0.0045,39.8406374501992
1,8,29,0.0029,39.8406374501992
1,9,21,0.0021,39.8406374501992
1,10,34,0.0034,39.8406374501992
1,11,43,0.0043,39.8406374501992
1,12,27,0.0027,39.8406374501992
1,13,33,0.0033,39.8406374501992
1,14,34,0.0034,39.8406374501992
1,15,53,0.0053,39.8406374501992
1,16,36,0.0036,39.8406374501992
1,17,47,0.0047,39.8406374501992
1,18,48,0.0048,39.8406374501992
1,19,49,0.0049,39.8406374501992
1,20,43,0.0043,39.8406374501992
1,21,43,0.0043,39.8406374501992
1,22,51,0.0051,39.8406374501992
1,23,39,0.0039,39.8406374501992
1,24,49,0.0049,39.8406374501992
1,25,33,0.0033,39.8406374501992
1,26,44,0.0044,39.8406374501992
1,27,37,0.0037,39.8406374501992
1,28,41,0.0041,39.8406374501992
1,29,39,0.0039,39.8406374501992
1,30,30,0.003,39.8406374501992
1,31,31,0.0031,39.8406374501992
1,32,39,0.0039,39.8406374501992
1,33,33,0.0033,39.8406374501992
1,34,46,0.0046,39.8406374501992
1,35,38,0.0038,39.8406374501992
1,36,25,0.0025,39.8406374501992
1,37,45,0.0045,39.8406374501992
1,38,44,0.0044,39.8406374501992
1,39,41,0.0041,39.8406374501992
1,40,42,0.0042,39.8406374501992
1,41,42,0.0042,39.8406374501992
1,42,35,0.0035,39.8406374501992
1,43,35,0.0035,39.8406374501992
1,44,38,0.0038,39.8406374501992
1,45,44,0.0044,39.8406374501992
1,46,50,0.005,39.8406374501992
1,47,42,0.0042,39.8406374501992
1,48,37,0.0037,39.8406374501992
1,49,36,0.0036,39.8406374501992
1,50,44,0.0044,39.8406374501992
1,51,45,0.0045,39.8406374501992
1,52,36,0.0036,39.8406374501992
1,53,43,0.0043,39.8406374501992
1,54,37,0.0037,39.8406374501992
1,55,46,0.0046,39.8406374501992
1,56,42,0.0042,39.8406374501992
1,57,50,0.005,39.8406374501992
1,58,50,0.005,39.8406374501992
1,59,39,0.0039,39.8406374501992
1,60,49,0.0049,39.8406374501992
1,61,43,0.0043,39.8406374501992
1,62,46,0.0046,39.8406374501992
1,63,45,0.0045,39.8406374501992
1,64,50,0.005,39.8406374501992
1,65,49,0.0049,39.8406374501992
1,66,40,0.004,39.8406374501992
1,67,42,0.0042,39.8406374501992
1,68,33,0.0033,39.8406374501992
1,69,34,0.0034,39.8406374501992
1,70,45,0.0045,39.8406374501992
1,71,37,0.0037,39.8406374501992
1,72,30,0.003,39.8406374501992
1,73,46,0.0046,39.8406374501992
1,74,42,0.0042,39.8406374501992
1,75,60,0.006,39.8406374501992
1,76,32,0.0032,39.8406374501992
1,77,40,0.004,39.8406374501992
1,78,45,0.0045,39.8406374501992
1,79,37,0.0037,39.8406374501992
1,80,63,0.0063,39.8406374501992
1,81,37,0.0037,39.8406374501992
1,82,36,0.0036,39.8406374501992
1,83,49,0.0049,39.8406374501992
1,84,30,0.003,39.8406374501992
1,85,37,0.0037,39.8406374501992
1,86,48,0.0048,39.8406374501992
1,87,40,0.004,39.8406374501992
1,88,38,0.0038,39.8406374501992
1,89,36,0.0036,39.8406374501992
1,90,51,0.0051,39.8406374501992
1,91,32,0.0032,39.8406374501992
1,92,42,0.0042,39.8406374501992
1,93,43,0.0043,39.8406374501992
1,94,54,0.0054,39.8406374501992
1,95,38,0.0038,39.8406374501992
1,96,32,0.0032,39.8406374501992
1,97,41,0.0041,39.8406374501992
1,98,41,0.0041,39.8406374501992
1,99,47,0.0047,39.8406374501992
1,100,39,0.0039,39.8406374501992
1,101,47,0.0047,39.8406374501992
1,102,31,0.0031,39.8406374501992
1,103,43,0.0043,39.8406374501992
1,104,45,0.0045,39.8406374501992
1,105,41,0.0041,39.8406374501992
1,106,31,0.0031,39.8406374501992
1,107,44,0.0044,39.8406374501992
1,108,42,0.0042,39.8406374501992
1,109,48,0.0048,39.8406374501992
1,110,39,0.0039,39.8406374501992
1,111,38,0.0038,39.8406374501992
1,112,38,0.0038,39.8406374501992
1,113,32,0.0032,39.8406374501992
1,114,34,0.0034,39.8406374501992
1,115,38,0.0038,39.8406374501992
1,116,31,0.0031,39.8406374501992
1,117,39,0.0039,39.8406374501992
1,118,46,0.0046,39.8406374501992
1,119,46,0.0046,39.8406374501992
1,120,37,0.0037,39.8406374501992
1,121,43,0.0043,39.8406374501992
1,122,47,0.0047,39.8406374501992
1,123,38,0.0038,39.8406374501992
1,124,30,0.003,39.8406374501992
1,125,36,0.0036,39.8406374501992
1,126,41,0.0041,39.8406374501992
1,127,39,0.0039,39.8406374501992
1,128,39,0.0039,39.8406374501992
1,129,33,0.0033,39.8406374501992
1,130,42,0.0042,39.8406374501992
1,131,45,0.0045,39.8406374501992
1,132,34,0.0034,39.8406374501992
1,133,44,0.0044,39.8406374501992
1,134,49,0.0049,39.8406374501992
1,135,46,0.0046,39.8406374501992
1,136,39,0.0039,39.8406374501992
1,137,37,0.0037,39.8406374501992
1,138,30,0.003,39.8406374501992
1,139,33,0.0033,39.8406374501992
1,140,35,0.0035,39.8406374501992
1,141,35,0.0035,39.8406374501992
1,142,44,0.0044,39.8406374501992
1,143,43,0.0043,39.8406374501992
1,144,39,0.0039,39.8406374501992
1,145,42,0.0042,39.8406374501992
1,146,41,0.0041,39.8406374501992
1,147,38,0.0038,39.8406374501992
1,148,53,0.0053,39.8406374501992
1,149,34,0.0034,39.8406374501992
1,150,37,0.0037,39.8406374501992
1,151,37,0.0037,39.8406374501992
1,152,38,0.0038,39.8406374501992
1,153,39,0.0039,39.8406374501992
1,154,35,0.0035,39.8406374501992
1,155,37,0.0037,39.8406374501992
1,156,41,0.0041,39.8406374501992
1,157,52,0.0052,39.8406374501992
1,158,37,0.0037,39.8406374501992
1,159,44,0.0044,39.8406374501992
1,160,44,0.0044,39.8406374501992
1,161,37,0.0037,39.8406374501992
1,162,43,0.0043,39.8406374501992
1,163,42,0.0042,39.8406374501992
1,164,41,0.0041,39.8406374501992
1,165,42,0.0042,39.8406374501992
1,166,38,0.0038,39.8406374501992
1,167,49,0.0049,39.8406374501992
1,168,40,0.004,39.8406374501992
1,169,35,0.0035,39.8406374501992
1,170,43,0.0043,39.8406374501992
1,171,45,0.0045,39.8406374501992
1,172,44,0.0044,39.8406374501992
1,173,34,0.0034,39.8406374501992
1,174,38,0.0038,39.8406374501992
1,175,46,0.0046,39.8406374501992
1,176,36,0.0036,39.8406374501992
1,177,40,0.004,39.8406374501992
1,178,42,0.0042,39.8406374501992
1,179,29,0.0029,39.8406374501992
1,180,36,0.0036,39.8406374501992
1,181,36,0.0036,39.8406374501992
1,182,48,0.0048,39.8406374501992
1,183,42,0.0042,39.8406374501992
1,184,34,0.0034,39.8406374501992
1,185,30,0.003,39.8406374501992
1,186,34,0.0034,39.8406374501992
1,187,34,0.0034,39.8406374501992
1,188,39,0.0039,39.8406374501992
1,189,29,0.0029,39.8406374501992
1,190,38,0.0038,39.8406374501992
1,191,36,0.0036,39.8406374501992
1,192,49,0.0049,39.8406374501992
1,193,37,0.0037,39.8406374501992
1,194,33,0.0033,39.8406374501992
1,195,30,0.003,39.8406374501992
1,196,33,0.0033,39.8406374501992
1,197,44,0.0044,39.8406374501992
1,198,26,0.0026,39.8406374501992
1,199,26,0.0026,39.8406374501992
1,200,41,0.0041,39.8406374501992
1,201,39,0.0039,39.8406374501992
1,202,40,0.004,39.8406374501992
1,203,43,0.0043,39.8406374501992
1,204,40,0.004,39.8406374501992
1,205,31,0.0031,39.8406374501992
1,206,32,0.0032,39.8406374501992
1,207,22,0.0022,39.8406374501992
1,208,36,0.0036,39.8406374501992
1,209,40,0.004,39.8406374501992
1,210,34,0.0034,39.8406374501992
1,211,59,0.0059,39.8406374501992
1,212,46,0.0046,39.8406374501992
1,213,32,0.0032,39.8406374501992
1,214,34,0.0034,39.8406374501992
1,215,50,0.005,39.8406374501992
1,216,34,0.0034,39.8406374501992
1,217,48,0.0048,39.8406374501992
1,218,44,0.0044,39.8406374501992
1,219,35,0.0035,39.8406374501992
1,220,40,0.004,39.8406374501992
1,221,36,0.0036,39.8406374501992
1,222,28,0.0028,39.8406374501992
1,223,28,0.0028,39.8406374501992
1,224,37,0.0037,39.8406374501992
1,225,55,0.0055,39.8406374501992
1,226,40,0.004,39.8406374501992
1,227,47,0.0047,39.8406374501992
1,228,38,0.0038,39.8406374501992
1,229,43,0.0043,39.8406374501992
1,230,30,0.003,39.8406374501992
1,231,34,0.0034,39.8406374501992
1,232,43,0.0043,39.8406374501992
1,233,42,0.0042,39.8406374501992
1,234,32,0.0032,39.8406374501992
1,235,43,0.0043,39.8406374501992
1,236,42,0.0042,39.8406374501992
1,237,54,0.0054,39.8406374501992
1,238,43,0.0043,39.8406374501992
1,239,43,0.0043,39.8406374501992
1,240,38,0.0038,39.8406374501992
1,241,41,0.0041,39.8406374501992
1,242,37,0.0037,39.8406374501992
1,243,41,0.0041,39.8406374501992
1,244,38,0.0038,39.8406374501992
1,245,32,0.0032,39.8406374501992
1,246,39,0.0039,39.8406374501992
1,247,40,0.004,39.8406374501992
1,248,46,0.0046,39.8406374501992
1,249,44,0.0044,39.8406374501992
1,250,44,0.0044,39.8406374501992
2,0,30,0.003,39.8406374501992
2,1,44,0.0044,39.8406374501992
2,2,32,0.0032,39.8406374501992
2,3,33,0.0033,39.8406374501992
2,4,37,0.0037,39.8406374501992
2,5,37,0.0037,39.8406374501992
2,6,41,0.0041,39.8406374501992
2,7,45,0.0045,39.8406374501992
2,8,39,0.0039,39.8406374501992
2,9,38,0.0038,39.8406374501992
2,10,36,0.0036,39.8406374501992
2,11,45,0.0045,39.8406374501992
2,12,41,0.0041,39.8406374501992
2,13,37,0.0037,39.8406374501992
2,14,40,0.004,39.8406374501992
2,15,41,0.0041,39.8406374501992
2,16,36,0.0036,39.8406374501992
2,17,43,0.0043,39.8406374501992
2,18,42,0.0042,39.8406374501992
2,19,25,0.0025,39.8406374501992
2,20,36,0.0036,39.8406374501992
2,21,50,0.005,39.8406374501992
2,22,39,0.0039,39.8406374501992
2,23,44,0.0044,39.8406374501992
2,24,41,0.0041,39.8406374501992
2,25,33,0.0033,39.8406374501992
2,26,48,0.0048,39.8406374501992
2,27,57,0.0057,39.8406374501992
2,28,38,0.0038,39.8406374501992
2,29,39,0.0039,39.8406374501992
2,30,40,0.004,39.8406374501992
2,31,32,0.0032,39.8406374501992
2,32,27,0.0027,39.8406374501992
2,33,40,0.004,39.8406374501992
2,34,31,0.0031,39.8406374501992
2,35,49,0.0049,39.8406374501992
2,36,36,0.0036,39.8406374501992
2,37,38,0.0038,39.8406374501992
2,38,36,0.0036,39.8406374501992
2,39,41,0.0041,39.8406374501992
2,40,49,0.0049,39.8406374501992
2,41,37,0.0037,39.8406374501992
2,42,39,0.0039,39.8406374501992
2,43,32,0.0032,39.8406374501992
2,44,36,0.0036,39.8406374501992
2,45,32,0.0032,39.8406374501992
2,46,43,0.0043,39.8406374501992
2,47,34,0.0034,39.8406374501992
2,48,43,0.0043,39.8406374501992
2,49,35,0.0035,39.8406374501992
2,50,46,0.0046,39.8406374501992
2,51,39,0.0039,39.8406374501992
2,52,36,0.0036,39.8406374501992
2,53,37,0.0037,39.8406374501992
2,54,34,0.0034,39.8406374501992
2,55,31,0.0031,39.8406374501992
2,56,45,0.0045,39.8406374501992
2,57,48,0.0048,39.8406374501992
2,58,50,0.005,39.8406374501992
2,59,33,0.0033,39.8406374501992
2,60,33,0.0033,39.8406374501992
2,61,52,0.0052,39.8406374501992
2,62,38,0.0038,39.8406374501992
2,63,38,0.0038,39.8406374501992
2,64,40,0.004,39.8406374501992
2,65,41,0.0041,39.8406374501992
2,66,32,0.0032,39.8406374501992
2,67,37,0.0037,39.8406374501992
2,68,47,0.0047,39.8406374501992
2,69,46,0.0046,39.8406374501992
2,70,35,0.0035,39.8406374501992
2,71,50,0.005,39.8406374501992
2,72,44,0.0044,39.8406374501992
2,73,34,0.0034,39.8406374501992
2,74,39,0.0039,39.8406374501992
2,75,33,0.0033,39.8406374501992
2,76,57,0.0057,39.8406374501992
2,77,38,0.0038,39.8406374501992
2,78,38,0.0038,39.8406374501992
2,79,45,0.0045,39.8406374501992
2,80,34,0.0034,39.8406374501992
2,81,37,0.0037,39.8406374501992
2,82,29,0.0029,39.8406374501992
2,83,51,0.0051,39.8406374501992
2,84,43,0.0043,39.8406374501992
2,85,42,0.0042,39.8406374501992
2,86,46,0.0046,39.8406374501992
2,87,34,0.0034,39.8406374501992
2,88,44,0.0044,39.8406374501992
2,89,34,0.0034,39.8406374501992
2,90,52,0.0052,39.8406374501992
2,91,55,0.0055,39.8406374501992
2,92,42,0.0042,39.8406374501992
2,93,41,0.0041,39.8406374501992
2,94,33,0.0033,39.8406374501992
2,95,39,0.0039,39.8406374501992
2,96,44,0.0044,39.8406374501992
2,97,38,0.0038,39.8406374501992
2,98,47,0.0047,39.8406374501992
2,99,38,0.0038,39.8406374501992
2,100,30,0.003,39.8406374501992
2,101,43,0.0043,39.8406374501992
2,102,38,0.0038,39.8406374501992
2,103,37,0.0037,39.8406374501992
2,104,35,0.0035,39.8406374501992
2,105,32,0.0032,39.8406374501992
2,106,31,0.0031,39.8406374501992
2,107,48,0.0048,39.8406374501992
2,108,44,0.0044,39.8406374501992
2,109,39,0.0039,39.8406374501992
2,110,37,0.0037,39.8406374501992
2,111,46,0.0046,39.8406374501992
2,112,44,0.0044,39.8406374501992
2,113,46,0.0046,39.8406374501992
2,114,37,0.0037,39.8406374501992
2,115,46,0.0046,39.8406374501992
2,116,46,0.0046,39.8406374501992
2,117,37,0.0037,39.8406374501992
2,118,47,0.0047,39.8406374501992
2,119,41,0.0041,39.8406374501992
2,120,42,0.0042,39.8406374501992
2,121,36,0.0036,39.8406374501992
2,122,46,0.0046,39.8406374501992
2,123,46,0.0046,39.8406374501992
2,124,38,0.0038,39.8406374501992
2,125,37,0.0037,39.8406374501992
2,126,42,0.0042,39.8406374501992
2,127,38,0.0038,39.8406374501992
2,128,33,0.0033,39.8406374501992
2,129,34,0.0034,39.8406374501992
2,130,35,0.0035,39.8406374501992
2,131,43,0.0043,39.8406374501992
2,132,48,0.0048,39.8406374501992
2,133,33,0.0033,39.8406374501992
2,134,36,0.0036,39.8406374501992
2,135,37,0.0037,39.8406374501992
2,136,36,0.0036,39.8406374501992
2,137,45,0.0045,39.8406374501992
2,138,38,0.0038,39.8406374501992
2,139,39,0.0039,39.8406374501992
2,140,33,0.0033,39.8406374501992
2,141,46,0.0046,39.8406374501992
2,142,32,0.0032,39.8406374501992
2,143,37,0.0037,39.8406374501992
2,144,42,0.0042,39.8406374501992
2,145,46,0.0046,39.8406374501992
2,146,34,0.0034,39.8406374501992
2,147,46,0.0046,39.8406374501992
2,148,40,0.004,39.8406374501992
2,149,38,0.0038,39.8406374501992
2,150,40,0.004,39.8406374501992
2,151,41,0.0041,39.8406374501992
2,152,38,0.0038,39.8406374501992
2,153,42,0.0042,39.8406374501992
2,154,34,0.0034,39.8406374501992
2,155,24,0.0024,39.8406374501992
2,156,42,0.0042,39.8406374501992
2,157,41,0.0041,39.8406374501992
2,158,45,0.0045,39.8406374501992
2,159,49,0.0049,39.8406374501992
2,160,37,0.0037,39.8406374501992
2,161,33,0.0033,39.8406374501992
2,162,38,0.0038,39.8406374501992
2,163,53,0.0053,39.8406374501992
2,164,45,0.0045,39.8406374501992
2,165,34,0.0034,39.8406374501992
2,166,39,0.0039,39.8406374501992
2,167,32,0.0032,39.8406374501992
2,168,36,0.0036,39.8406374501992
2,169,48,0.0048,39.8406374501992
2,170,38,0.0038,39.8406374501992
2,171,37,0.0037,39.8406374501992
2,172,45,0.0045,39.8406374501992
2,173,43,0.0043,39.8406374501992
2,174,48,0.0048,39.8406374501992
2,175,41,0.0041,39.8406374501992
2,176,42,0.0042,39.8406374501992
2,177,39,0.0039,39.8406374501992
2,178,40,0.004,39.8406374501992
2,179,29,0.0029,39.8406374501992
2,180,35,0.0035,39.8406374501992
2,181,42,0.0042,39.8406374501992
2,182,42,0.0042,39.8406374501992
2,183,40,0.004,39.8406374501992
2,184,35,0.0035,39.8406374501992
2,185,42,0.0042,39.8406374501992
2,186,35,0.0035,39.8406374501992
2,187,43,0.0043,39.8406374501992
2,188,34,0.0034,39.8406374501992
2,189,37,0.0037,39.8406374501992
2,190,43,0.0043,39.8406374501992
2,191,45,0.0045,39.8406374501992
2,192,50,0.005,39.8406374501992
2,193,43,0.0043,39.8406374501992
2,194,35,0.0035,39.8406374501992
2,195,46,0.0046,39.8406374501992
2,196,37,0.0037,39.8406374501992
2,197,41,0.0041,39.8406374501992
2,198,29,0.0029,39.8406374501992
2,199,46,0.0046,39.8406374501992
2,200,42,0.0042,39.8406374501992
2,201,40,0.004,39.8406374501992
2,202,35,0.0035,39.8406374501992
2,203,45,0.0045,39.8406374501992
2,204,40,0.004,39.8406374501992
2,205,37,0.0037,39.8406374501992
2,206,44,0.0044,39.8406374501992
2,207,40,0.004,39.8406374501992
2,208,33,0.0033,39.8406374501992
2,209,36,0.0036,39.8406374501992
2,210,48,0.0048,39.8406374501992
2,211,46,0.0046,39.8406374501992
2,212,43,0.0043,39.8406374501992
2,213,43,0.0043,39.8406374501992
2,214,37,0.0037,39.8406374501992
2,215,35,0.0035,39.8406374501992
2,216,29,0.0029,39.8406374501992
2,217,42,0.0042,39.8406374501992
2,218,33,0.0033,39.8406374501992
2,219,43,0.0043,39.8406374501992
2,220,42,0.0042,39.8406374501992
2,221,45,0.0045,39.8406374501992
2,222,28,0.0028,39.8406374501992
2,223,41,0.0041,39.8406374501992
2,224,52,0.0052,39.8406374501992
2,225,35,0.0035,39.8406374501992
2,226,31,0.0031,39.8406374501992
2,227,33,0.0033,39.8406374501992
2,228,35,0.0035,39.8406374501992
2,229,46,0.0046,39.8406374501992
2,230,43,0.0043,39.8406374501992
2,231,48,0.0048,39.8406374501992
2,232,40,0.004,39.8406374501992
2,233,44,0.0044,39.8406374501992
2,234,41,0.0041,39.8406374501992
2,235,39,0.0039,39.8406374501992
2,236,53,0.0053,39.8406374501992
2,237,37,0.0037,39.8406374501992
2,238,28,0.0028,39.8406374501992
2,239,41,0.0041,39.8406374501992
2,240,37,0.0037,39.8406374501992
2,241,48,0.0048,39.8406374501992
2,242,42,0.0042,39.8406374501992
2,243,30,0.003,39.8406374501992
2,244,40,0.004,39.8406374501992
2,245,46,0.0046,39.8406374501992
2,246,39,0.0039,39.8406374501992
2,247,47,0.0047,39.8406374501992
2,248,42,0.0042,39.8406374501992
2,249,35,0.0035,39.8406374501992
2,250,52,0.0052,39.8406374501992
3,0,29,0.0029,39.8406374501992
3,1,42,0.0042,39.8406374501992
3,2,40,0.004,39.8406374501992
3,3,39,0.0039,39.8406374501992
3,4,37,0.0037,39.8406374501992
3,5,55,0.0055,39.8406374501992
3,6,42,0.0042,39.8406374501992
3,7,37,0.0037,39.8406374501992
3,8,38,0.0038,39.8406374501992
3,9,34,0.0034,39.8406374501992
3,10,39,0.0039,39.8406374501992
3,11,39,0.0039,39.8406374501992
3,12,43,0.0043,39.8406374501992
3,13,41,0.0041,39.8406374501992
3,14,31,0.0031,39.8406374501992
3,15,43,0.0043,39.8406374501992
3,16,38,0.0038,39.8406374501992
3,17,40,0.004,39.8406374501992
3,18,47,0.0047,39.8406374501992
3,19,29,0.0029,39.8406374501992
3,20,36,0.0036,39.8406374501992
3,21,31,0.0031,39.8406374501992
3,22,34,0.0034,39.8406374501992
3,23,45,0.0045,39.8406374501992
3,24,54,0.0054,39.8406374501992
3,25,39,0.0039,39.8406374501992
3,26,38,0.0038,39.8406374501992
3,27,45,0.0045,39.8406374501992
3,28,35,0.0035,39.8406374501992
3,29,29,0.0029,39.8406374501992
3,30,46,0.0046,39.8406374501992
3,31,39,0.0039,39.8406374501992
3,32,44,0.0044,39.8406374501992
3,33,25,0.0025,39.8406374501992
3,34,44,0.0044,39.8406374501992
3,35,36,0.0036,39.8406374501992
3,36,46,0.0046,39.8406374501992
3,37,34,0.0034,39.8406374501992
3,38,30,0.003,39.8406374501992
3,39,38,0.0038,39.8406374501992
3,40,35,0.0035,39.8406374501992
3,41,32,0.0032,39.8406374501992
3,42,37,0.0037,39.8406374501992
3,43,46,0.0046,39.8406374501992
3,44,42,0.0042,39.8406374501992
3,45,46,0.0046,39.8406374501992
3,46,39,0.0039,39.8406374501992
3,47,38,0.0038,39.8406374501992
3,48,40,0.004,39.8406374501992
3,49,45,0.0045,39.8406374501992
3,50,32,0.0032,39.8406374501992
3,51,39,0.0039,39.8406374501992
3,52,34,0.0034,39.8406374501992
3,53,38,0.0038,39.8406374501992
3,54,40,0.004,39.8406374501992
3,55,28,0.0028,39.8406374501992
3,56,42,0.0042,39.8406374501992
3,57,45,0.0045,39.8406374501992
3,58,36,0.0036,39.8406374501992
3,59,66,0.0066,39.8406374501992
3,60,41,0.0041,39.8406374501992
3,61,48,0.0048,39.8406374501992
3,62,51,0.0051,39.8406374501992
3,63,38,0.0038,39.8406374501992
3,64,37,0.0037,39.8406374501992
3,65,39,0.0039,39.8406374501992
3,66,44,0.0044,39.8406374501992
3,67,48,0.0048,39.8406374501992
3,68,44,0.0044,39.8406374501992
3,69,35,0.0035,39.8406374501992
3,70,32,0.0032,39.8406374501992
3,71,42,0.0042,39.8406374501992
3,72,40,0.004,39.8406374501992
3,73,35,0.0035,39.8406374501992
3,74,37,0.0037,39.8406374501992
3,75,46,0.0046,39.8406374501992
3,76,50,0.005,39.8406374501992
3,77,53,0.0053,39.8406374501992
3,78,39,0.0039,39.8406374501992
3,79,43,0.0043,39.8406374501992
3,80,37,0.0037,39.8406374501992
3,81,29,0.0029,39.8406374501992
3,82,44,0.0044,39.8406374501992
3,83,39,0.0039,39.8406374501992
3,84,47,0.0047,39.8406374501992
3,85,33,0.0033,39.8406374501992
3,86,34,0.0034,39.8406374501992
3,87,41,0.0041,39.8406374501992
3,88,24,0.0024,39.8406374501992
3,89,34,0.0034,39.8406374501992
3,90,34,0.0034,39.8406374501992
3,91,42,0.0042,39.8406374501992
3,92,46,0.0046,39.8406374501992
3,93,31,0.0031,39.8406374501992
3,94,42,0.0042,39.8406374501992
3,95,34,0.0034,39.8406374501992
3,96,33,0.0033,39.8406374501992
3,97,44,0.0044,39.8406374501992
3,98,35,0.0035,39.8406374501992
3,99,62,0.0062,39.8406374501992
3,100,41,0.0041,39.8406374501992
3,101,37,0.0037,39.8406374501992
3,102,44,0.0044,39.8406374501992
3,103,34,0.0034,39.8406374501992
3,104,35,0.0035,39.8406374501992
3,105,40,0.004,39.8406374501992
3,106,46,0.0046,39.8406374501992
3,107,40,0.004,39.8406374501992
3,108,45,0.0045,39.8406374501992
3,109,35,0.0035,39.8406374501992
3,110,43,0.0043,39.8406374501992
3,111,35,0.0035,39.8406374501992
3,112,38,0.0038,39.8406374501992
3,113,42,0.0042,39.8406374501992
3,114,35,0.0035,39.8406374501992
3,115,42,0.0042,39.8406374501992
3,116,41,0.0041,39.8406374501992
3,117,51,0.0051,39.8406374501992
3,118,35,0.0035,39.8406374501992
3,119,43,0.0043,39.8406374501992
3,120,43,0.0043,39.8406374501992
3,121,34,0.0034,39.8406374501992
3,122,43,0.0043,39.8406374501992
3,123,45,0.0045,39.8406374501992
3,124,41,0.0041,39.8406374501992
3,125,46,0.0046,39.8406374501992
3,126,38,0.0038,39.8406374501992
3,127,37,0.0037,39.8406374501992
3,128,41,0.0041,39.8406374501992
3,129,36,0.0036,39.8406374501992
3,130,35,0.0035,39.8406374501992
3,131,46,0.0046,39.8406374501992
3,132,39,0.0039,39.8406374501992
3,133,44,0.0044,39.8406374501992
3,134,44,0.0044,39.8406374501992
3,135,45,0.0045,39.8406374501992
3,136,40,0.004,39.8406374501992
3,137,33,0.0033,39.8406374501992
3,138,41,0.0041,39.8406374501992
3,139,54,0.0054,39.8406374501992
3,140,43,0.0043,39.8406374501992
3,141,43,0.0043,39.8406374501992
3,142,46,0.0046,39.8406374501992
3,143,40,0.004,39.8406374501992
3,144,35,0.0035,39.8406374501992
3,145,37,0.0037,39.8406374501992
3,146,37,0.0037,39.8406374501992
3,147,36,0.0036,39.8406374501992
3,148,46,0.0046,39.8406374501992
3,149,45,0.0045,39.8406374501992
3,150,41,0.0041,39.8406374501992
3,151,34,0.0034,39.8406374501992
3,152,43,0.0043,39.8406374501992
3,153,41,0.0041,39.8406374501992
3,154,34,0.0034,39.8406374501992
3,155,32,0.0032,39.8406374501992
3,156,49,0.0049,39.8406374501992
3,157,32,0.0032,39.8406374501992
3,158,33,0.0033,39.8406374501992
3,159,36,0.0036,39.8406374501992
3,160,44,0.0044,39.8406374501992
3,161,51,0.0051,39.8406374501992
3,162,38,0.0038,39.8406374501992
3,163,44,0.0044,39.8406374501992
3,164,38,0.0038,39.8406374501992
3,165,34,0.0034,39.8406374501992
3,166,36,0.0036,39.8406374501992
3,167,37,0.0037,39.8406374501992
3,168,41,0.0041,39.8406374501992
3,169,36,0.0036,39.8406374501992
3,170,47,0.0047,39.8406374501992
3,171,49,0.0049,39.8406374501992
3,172,37,0.0037,39.8406374501992
3,173,35,0.0035,39.8406374501992
3,174,29,0.0029,39.8406374501992
3,175,45,0.0045,39.8406374501992
3,176,31,0.0031,39.8406374501992
3,177,38,0.0038,39.8406374501992
3,178,40,0.004,39.8406374501992
3,179,46,0.0046,39.8406374501992
3,180,41,0.0041,39.8406374501992
3,181,34,0.0034,39.8406374501992
3,182,38,0.0038,39.8406374501992
3,183,43,0.0043,39.8406374501992
3,184,40,0.004,39.8406374501992
3,185,38,0.0038,39.8406374501992
3,186,37,0.0037,39.8406374501992
3,187,30,0.003,39.8406374501992
3,188,22,0.0022,39.8406374501992
3,189,36,0.0036,39.8406374501992
3,190,45,0.0045,39.8406374501992
3,191,40,0.004,39.8406374501992
3,192,47,0.0047,39.8406374501992
3,193,36,0.0036,39.8406374501992
3,194,51,0.0051,39.8406374501992
3,195,40,0.004,39.8406374501992
3,196,31,0.0031,39.8406374501992
3,197,41,0.0041,39.8406374501992
3,198,37,0.0037,39.8406374501992
3,199,40,0.004,39.8406374501992
3,200,46,0.0046,39.8406374501992
3,201,46,0.0046,39.8406374501992
3,202,34,0.0034,39.8406374501992
3,203,41,0.0041,39.8406374501992
3,204,43,0.0043,39.8406374501992
3,205,23,0.0023,39.8406374501992
3,206,43,0.0043,39.8406374501992
3,207,33,0.0033,39.8406374501992
3,208,45,0.0045,39.8406374501992
3,209,42,0.0042,39.8406374501992
3,210,42,0.0042,39.8406374501992
3,211,46,0.0046,39.8406374501992
3,212,39,0.0039,39.8406374501992
3,213,31,0.0031,39.8406374501992
3,214,39,0.0039,39.8406374501992
3,215,45,0.0045,39.8406374501992
3,216,49,0.0049,39.8406374501992
3,217,41,0.0041,39.8406374501992
3,218,43,0.0043,39.8406374501992
3,219,41,0.0041,39.8406374501992
3,220,42,0.0042,39.8406374501992
3,221,34,0.0034,39.8406374501992
3,222,44,0.0044,39.8406374501992
3,223,46,0.0046,39.8406374501992
3,224,43,0.0043,39.8406374501992
3,225,41,0.0041,39.8406374501992
3,226,35,0.0035,39.8406374501992
3,227,45,0.0045,39.8406374501992
3,228,41,0.0041,39.8406374501992
3,229,47,0.0047,39.8406374501992
3,230,46,0.0046,39.8406374501992
3,231,38,0.0038,39.8406374501992
3,232,37,0.0037,39.8406374501992
3,233,35,0.0035,39.8406374501992
3,234,39,0.0039,39.8406374501992
3,235,38,0.0038,39.8406374501992
3,236,47,0.0047,39.8406374501992
3,237,49,0.0049,39.8406374501992
3,238,36,0.0036,39.8406374501992
3,239,41,0.0041,39.8406374501992
3,240,36,0.0036,39.8406374501992
3,241,45,0.0045,39.8406374501992
3,242,38,0.0038,39.8406374501992
3,243,38,0.0038,39.8406374501992
3,244,44,0.0044,39.8406374501992
3,245,44,0.0044,39.8406374501992
3,246,36,0.0036,39.8406374501992
3,247,46,0.0046,39.8406374501992
3,248,34,0.0034,39.8406374501992
3,249,36,0.0036,39.8406374501992
3,250,36,0.0036,39.8406374501992
4,0,40,0.004,39.8406374501992
4,1,28,0.0028,39.8406374501992
4,2,26,0.0026,39.8406374501992
4,3,42,0.0042,39.8406374501992
4,4,42,0.0042,39.8406374501992
4,5,43,0.0043,39.8406374501992
4,6,33,0.0033,39.8406374501992
4,7,35,0.0035,39.8406374501992
4,8,32,0.0032,39.8406374501992
4,9,45,0.0045,39.8406374501992
4,10,43,0.0043,39.8406374501992
4,11,40,0.004,39.8406374501992
4,12,44,0.0044,39.8406374501992
4,13,45,0.0045,39.8406374501992
4,14,35,0.0035,39.8406374501992
4,15,36,0.0036,39.8406374501992
4,16,42,0.0042,39.8406374501992
4,17,36,0.0036,39.8406374501992
4,18,39,0.0039,39.8406374501992
4,19,26,0.0026,39.8406374501992
4,20,49,0.0049,39.8406374501992
4,21,48,0.0048,39.8406374501992
4,22,30,0.003,39.8406374501992
4,23,34,0.0034,39.8406374501992
4,24,31,0.0031,39.8406374501992
4,25,35,0.0035,39.8406374501992
4,26,56,0.0056,39.8406374501992
4,27,37,0.0037,39.8406374501992
4,28,41,0.0041,39.8406374501992
4,29,37,0.0037,39.8406374501992
4,30,39,0.0039,39.8406374501992
4,31,44,0.0044,39.8406374501992
4,32,37,0.0037,39.8406374501992
4,33,42,0.0042,39.8406374501992
4,34,37,0.0037,39.8406374501992
4,35,43,0.0043,39.8406374501992
4,36,42,0.0042,39.8406374501992
4,37,35,0.0035,39.8406374501992
4,38,42,0.0042,39.8406374501992
4,39,51,0.0051,39.8406374501992
4,40,38,0.0038,39.8406374501992
4,41,23,0.0023,39.8406374501992
4,42,45,0.0045,39.8406374501992
4,43,46,0.0046,39.8406374501992
4,44,34,0.0034,39.8406374501992
4,45,32,0.0032,39.8406374501992
4,46,39,0.0039,39.8406374501992
4,47,38,0.0038,39.8406374501992
4,48,43,0.0043,39.8406374501992
4,49,37,0.0037,39.8406374501992
4,50,37,0.0037,39.8406374501992
4,51,41,0.0041,39.8406374501992
4,52,53,0.0053,39.8406374501992
4,53,33,0.0033,39.8406374501992
4,54,36,0.0036,39.8406374501992
4,55,38,0.0038,39.8406374501992
4,56,42,0.0042,39.8406374501992
4,57,43,0.0043,39.8406374501992
4,58,43,0.0043,39.8406374501992
4,59,43,0.0043,39.8406374501992
4,60,36,0.0036,39.8406374501992
4,61,28,0.0028,39.8406374501992
4,62,44,0.0044,39.8406374501992
4,63,35,0.0035,39.8406374501992
4,64,43,0.0043,39.8406374501992
4,65,42,0.0042,39.8406374501992
4,66,43,0.0043,39.8406374501992
4,67,44,0.0044,39.8406374501992
4,68,35,0.0035,39.8406374501992
4,69,42,0.0042,39.8406374501992
4,70,46,0.0046,39.8406374501992
4,71,41,0.0041,39.8406374501992
4,72,32,0.0032,39.8406374501992
4,73,47,0.0047,39.8406374501992
4,74,32,0.0032,39.8406374501992
4,75,32,0.0032,39.8406374501992
4,76,40,0.004,39.8406374501992
4,77,37,0.0037,39.8406374501992
4,78,51,0.0051,39.8406374501992
4,79,39,0.0039,39.8406374501992
4,80,40,0.004,39.8406374501992
4,81,40,0.004,39.8406374501992
4,82,43,0.0043,39.8406374501992
4,83,39,0.0039,39.8406374501992
4,84,39,0.0039,39.8406374501992
4,85,42,0.0042,39.8406374501992
4,86,45,0.0045,39.8406374501992
4,87,47,0.0047,39.8406374501992
4,88,39,0.0039,39.8406374501992
4,89,45,0.0045,39.8406374501992
4,90,34,0.0034,39.8406374501992
4,91,40,0.004,39.8406374501992
4,92,48,0.0048,39.8406374501992
4,93,39,0.0039,39.8406374501992
4,94,46,0.0046,39.8406374501992
4,95,52,0.0052,39.8406374501992
4,96,23,0.0023,39.8406374501992
4,97,40,0.004,39.8406374501992
4,98,40,0.004,39.8406374501992
4,99,38,0.0038,39.8406374501992
4,100,44,0.0044,39.8406374501992
4,101,34,0.0034,39.8406374501992
4,102,35,0.0035,39.8406374501992
4,103,41,0.0041,39.8406374501992
4,104,49,0.0049,39.8406374501992
4,105,33,0.0033,39.8406374501992
4,106,45,0.0045,39.8406374501992
4,107,44,0.0044,39.8406374501992
4,108,40,0.004,39.8406374501992
4,109,46,0.0046,39.8406374501992
4,110,48,0.0048,39.8406374501992
4,111,39,0.0039,39.8406374501992
4,112,42,0.0042,39.8406374501992
4,113,39,0.0039,39.8406374501992
4,114,50,0.005,39.8406374501992
4,115,28,0.0028,39.8406374501992
4,116,35,0.0035,39.8406374501992
4,117,47,0.0047,39.8406374501992
4,118,42,0.0042,39.8406374501992
4,119,35,0.0035,39.8406374501992
4,120,34,0.0034,39.8406374501992
4,121,37,0.0037,39.8406374501992
4,122,47,0.0047,39.8406374501992
4,123,42,0.0042,39.8406374501992
4,124,42,0.0042,39.8406374501992
4,125,37,0.0037,39.8406374501992
4,126,35,0.0035,39.8406374501992
4,127,47,0.0047,39.8406374501992
4,128,31,0.0031,39.8406374501992
4,129,39,0.0039,39.8406374501992
4,130,34,0.0034,39.8406374501992
4,131,50,0.005,39.8406374501992
4,132,38,0.0038,39.8406374501992
4,133,34,0.0034,39.8406374501992
4,134,44,0.0044,39.8406374501992
4,135,42,0.0042,39.8406374501992
4,136,27,0.0027,39.8406374501992
4,137,31,0.0031,39.8406374501992
4,138,40,0.004,39.8406374501992
4,139,42,0.0042,39.8406374501992
4,140,46,0.0046,39.8406374501992
4,141,37,0.0037,39.8406374501992
4,142,44,0.0044,39.8406374501992
4,143,40,0.004,39.8406374501992
4,144,44,0.0044,39.8406374501992
4,145,44,0.0044,39.8406374501992
4,146,50,0.005,39.8406374501992
4,147,40,0.004,39.8406374501992
4,148,33,0.0033,39.8406374501992
4,149,37,0.0037,39.8406374501992
4,150,36,0.0036,39.8406374501992
4,151,26,0.0026,39.8406374501992
4,152,34,0.0034,39.8406374501992
4,153,32,0.0032,39.8406374501992
4,154,41,0.0041,39.8406374501992
4,155,34,0.0034,39.8406374501992
4,156,45,0.0045,39.8406374501992
4,157,39,0.0039,39.8406374501992
4,158,36,0.0036,39.8406374501992
4,159,43,0.0043,39.8406374501992
4,160,32,0.0032,39.8406374501992
4,161,46,0.0046,39.8406374501992
4,162,43,0.0043,39.8406374501992
4,163,32,0.0032,39.8406374501992
4,164,40,0.004,39.8406374501992
4,165,34,0.0034,39.8406374501992
4,166,37,0.0037,39.8406374501992
4,167,37,0.0037,39.8406374501992
4,168,43,0.0043,39.8406374501992
4,169,47,0.0047,39.8406374501992
4,170,36,0.0036,39.8406374501992
4,171,30,0.003,39.8406374501992
4,172,44,0.0044,39.8406374501992
4,173,42,0.0042,39.8406374501992
4,174,37,0.0037,39.8406374501992
4,175,42,0.0042,39.8406374501992
4,176,51,0.0051,39.8406374501992
4,177,44,0.0044,39.8406374501992
4,178,41,0.0041,39.8406374501992
4,179,47,0.0047,39.8406374501992
4,180,37,0.0037,39.8406374501992
4,181,35,0.0035,39.8406374501992
4,182,45,0.0045,39.8406374501992
4,183,52,0.0052,39.8406374501992
4,184,35,0.0035,39.8406374501992
4,185,38,0.0038,39.8406374501992
4,186,25,0.0025,39.8406374501992
4,187,48,0.0048,39.8406374501992
4,188,40,0.004,39.8406374501992
4,189,44,0.0044,39.8406374501992
4,190,36,0.0036,39.8406374501992
4,191,46,0.0046,39.8406374501992
4,192,47,0.0047,39.8406374501992
4,193,43,0.0043,39.8406374501992
4,194,45,0.0045,39.8406374501992
4,195,37,0.0037,39.8406374501992
4,196,46,0.0046,39.8406374501992
4,197,39,0.0039,39.8406374501992
4,198,37,0.0037,39.8406374501992
4,199,31,0.0031,39.8406374501992
4,200,45,0.0045,39.8406374501992
4,201,42,0.0042,39.8406374501992
4,202,37,0.0037,39.8406374501992
4,203,41,0.0041,39.8406374501992
4,204,43,0.0043,39.8406374501992
4,205,33,0.0033,39.8406374501992
4,206,44,0.0044,39.8406374501992
4,207,44,0.0044,39.8406374501992
4,208,33,0.0033,39.8406374501992
4,209,33,0.0033,39.8406374501992
4,210,39,0.0039,39.8406374501992
4,211,52,0.0052,39.8406374501992
4,212,46,0.0046,39.8406374501992
4,213,29,0.0029,39.8406374501992
4,214,38,0.0038,39.8406374501992
4,215,49,0.0049,39.8406374501992
4,216,44,0.0044,39.8406374501992
4,217,37,0.0037,39.8406374501992
4,218,42,0.0042,39.8406374501992
4,219,33,0.0033,39.8406374501992
4,220,33,0.0033,39.8406374501992
4,221,26,0.0026,39.8406374501992
4,222,42,0.0042,39.8406374501992
4,223,34,0.0034,39.8406374501992
4,224,34,0.0034,39.8406374501992
4,225,57,0.0057,39.8406374501992
4,226,52,0.0052,39.8406374501992
4,227,36,0.0036,39.8406374501992
4,228,35,0.0035,39.8406374501992
4,229,45,0.0045,39.8406374501992
4,230,41,0.0041,39.8406374501992
4,231,28,0.0028,39.8406374501992
4,232,43,0.0043,39.8406374501992
4,233,40,0.004,39.8406374501992
4,234,52,0.0052,39.8406374501992
4,235,45,0.0045,39.8406374501992
4,236,31,0.0031,39.8406374501992
4,237,31,0.0031,39.8406374501992
4,238,37,0.0037,39.8406374501992
4,239,36,0.0036,39.8406374501992
4,240,44,0.0044,39.8406374501992
4,241,44,0.0044,39.8406374501992
4,242,42,0.0042,39.8406374501992
4,243,40,0.004,39.8406374501992
4,244,40,0.004,39.8406374501992
4,245,46,0.0046,39.8406374501992
4,246,38,0.0038,39.8406374501992
4,247,49,0.0049,39.8406374501992
4,248,53,0.0053,39.8406374501992
4,249,42,0.0042,39.8406374501992
4,250,45,0.0045,39.8406374501992
