execution,success,return_code,protocol_time_s,wall_time_s
1,True,0,0.124513,0.14817472102004103
2,True,0,0.125762,0.14367237099213526
3,True,0,0.13488,0.15923067499534227
4,True,0,0.137903,0.15617178002139553
5,True,0,0.126041,0.14864510399638675
6,True,0,0.124522,0.1427770479931496
7,True,0,0.123406,0.14403029999812134
8,True,0,0.13493,0.15335211998899467
9,True,0,0.122161,0.1399067059974186
10,True,0,0.121837,0.14000433500041254
11,True,0,0.130169,0.1482411869801581
12,True,0,0.124231,0.1450224879954476
13,True,0,0.12571,0.14440916699822992
14,True,0,0.133044,0.15149855500203557
15,True,0,0.127601,0.1468668500019703
16,True,0,0.129988,0.15615748599520884
17,True,0,0.131329,0.16197387099964544
18,True,0,0.126478,0.1523071750125382
19,True,0,0.124274,0.14271134801674634
20,True,0,0.124853,0.14464384800521657
21,True,0,0.137128,0.156043969996972
22,True,0,0.135328,0.157199467997998
23,True,0,0.131676,0.151081513002282
24,True,0,0.125684,0.14408793501206674
25,True,0,0.130872,0.15053035100572743
26,True,0,0.136112,0.15546404002816416
27,True,0,0.131283,0.1497932549973484
28,True,0,0.129079,0.1553518989821896
29,True,0,0.129793,0.1490013439906761
30,True,0,0.155428,0.17782299098325893
31,True,0,0.129983,0.14841736399102956
32,True,0,0.131377,0.15132278500823304
33,True,0,0.131261,0.15554408699972555
34,True,0,0.132221,0.15125804900890216
35,True,0,0.119234,0.13921240498893894
36,True,0,0.135638,0.15560990301310085
37,True,0,0.117945,0.13734549298533238
38,True,0,0.134385,0.15738556001451798
39,True,0,0.119349,0.13821725998423062
40,True,0,0.134408,0.1526295299991034
41,True,0,0.122628,0.14495739500853233
42,True,0,0.120831,0.14029601999209262
43,True,0,0.126364,0.145288558996981
44,True,0,0.122544,0.14860312902601436
45,True,0,0.112857,0.1308299209922552
46,True,0,0.121293,0.13954654600820504
47,True,0,0.134691,0.1542985160194803
48,True,0,0.123484,0.14169788800063543
49,True,0,0.123388,0.1419153949827887
50,True,0,0.131809,0.15065345400944352
51,True,0,0.146153,0.16408778697950765
52,True,0,0.116856,0.1415214209991973
53,True,0,0.127019,0.1448940179834608
54,True,0,0.130731,0.14865568099776283
55,True,0,0.134728,0.15406045099371113
56,True,0,0.130186,0.14860420799232088
57,True,0,0.127466,0.14846821999526583
58,True,0,0.126401,0.14458856699639
59,True,0,0.124373,0.14290460798656568
60,True,0,0.118832,0.1384969270147849
61,True,0,0.118612,0.13661626100656576
62,True,0,0.139903,0.15983720700023696
63,True,0,0.135414,0.15828093900927342
64,True,0,0.117481,0.1410094129969366
65,True,0,0.12672,0.14534726599231362
66,True,0,0.120362,0.14248654499533586
67,True,0,0.125444,0.14424771300400607
68,True,0,0.123233,0.14364718299475498
69,True,0,0.120592,0.1391762809944339
70,True,0,0.149548,0.17950693098828197
71,True,0,0.141244,0.16050721099600196
72,True,0,0.184358,0.20841997300158255
73,True,0,0.151674,0.17777370501426049
74,True,0,0.128008,0.1493627340241801
75,True,0,0.12083,0.14124623301904649
76,True,0,0.133573,0.16087758500361815
77,True,0,0.125492,0.14552887398167513
78,True,0,0.132995,0.16932889199233614
79,True,0,0.158194,0.18999900098424405
80,True,0,0.145803,0.17259846901288256
81,True,0,0.151964,0.17314881601487286
82,True,0,0.121423,0.140360164019512
83,True,0,0.131936,0.1538140289776493
84,True,0,0.113088,0.13238811699557118
85,True,0,0.130181,0.1498977949959226
86,True,0,0.122414,0.1403553170093801
87,True,0,0.117652,0.1393516089883633
88,True,0,0.121074,0.13922129099955782
89,True,0,0.133903,0.15612299999338575
90,True,0,0.127138,0.14593835399136879
91,True,0,0.125548,0.14656075998209417
92,True,0,0.120717,0.13896369998110458
93,True,0,0.137084,0.15531431898125447
94,True,0,0.129584,0.14909453599830158
95,True,0,0.122856,0.14072032397962175
96,True,0,0.127976,0.14600321897887625
97,True,0,0.142662,0.16151711702696048
98,True,0,0.126253,0.14664646700839512
99,True,0,0.122864,0.14505561799160205
100,True,0,0.124006,0.1424662299978081
101,True,0,0.116606,0.134782881999854
102,True,0,0.131941,0.15120086798560806
103,True,0,0.129659,0.14764979502069764
104,True,0,0.124683,0.14322573898243718
105,True,0,0.13771,0.16036450400133617
106,True,0,0.126617,0.14565931100514717
107,True,0,0.158136,0.18324250899604522
108,True,0,0.114747,0.13282473300932907
109,True,0,0.134212,0.15737391202128492
110,True,0,0.119641,0.1422182769747451
111,True,0,0.134962,0.15300048398785293
112,True,0,0.134238,0.15362941700732335
113,True,0,0.142148,0.16355088498676196
114,True,0,0.144379,0.16440945499925874
115,True,0,0.129398,0.1486082229821477
116,True,0,0.125545,0.14728795501287095
117,True,0,0.125676,0.1483064460044261
118,True,0,0.119199,0.1373169099970255
119,True,0,0.132854,0.1550588589743711
120,True,0,0.13143,0.1511045609950088
121,True,0,0.125285,0.1443692359898705
122,True,0,0.1205,0.1412983750051353
123,True,0,0.135468,0.1566343079903163
124,True,0,0.128777,0.1479796550120227
125,True,0,0.131009,0.15266469298512675
126,True,0,0.130312,0.1576036679907702
127,True,0,0.161622,0.19270033499924466
128,True,0,0.154089,0.17708735700580291
129,True,0,0.13222,0.159360159013886
130,True,0,0.130839,0.15473322599427775
131,True,0,0.132866,0.15069060400128365
132,True,0,0.126726,0.145952427003067
133,True,0,0.130412,0.1502525230171159
134,True,0,0.122921,0.14216619901708327
135,True,0,0.125091,0.1433854770148173
136,True,0,0.125431,0.15060161601286381
137,True,0,0.138322,0.1567858520138543
138,True,0,0.142603,0.17043761699460447
139,True,0,0.131708,0.1554672229976859
140,True,0,0.121229,0.14016490400535986
141,True,0,0.132323,0.1503932019986678
142,True,0,0.122516,0.14114173699636012
143,True,0,0.155062,0.17949703501653858
144,True,0,0.112516,0.13137226100661792
145,True,0,0.12858,0.14719458899344318
146,True,0,0.133826,0.15167585498420522
147,True,0,0.12026,0.13838225600193255
148,True,0,0.132716,0.16225757499341853
149,True,0,0.130928,0.150051860982785
150,True,0,0.125529,0.14445703598903492
151,True,0,0.128398,0.15404090500669554
152,True,0,0.14117,0.15948266899795271
153,True,0,0.131819,0.16257766299531795
154,True,0,0.140526,0.15980899598798715
155,True,0,0.121648,0.1489280300156679
156,True,0,0.131686,0.1495533470006194
157,True,0,0.129563,0.1535295050125569
158,True,0,0.114961,0.1344621360185556
159,True,0,0.12067,0.14364784199278802
160,True,0,0.121176,0.15080471301916987
161,True,0,0.131457,0.15383070497773588
162,True,0,0.131434,0.149973014020361
163,True,0,0.124836,0.14293657999951392
164,True,0,0.11828,0.13697655498981476
165,True,0,0.122297,0.1411200560105499
166,True,0,0.11269,0.1306557170173619
167,True,0,0.132912,0.15098788699833676
168,True,0,0.12824,0.14625322000938468
169,True,0,0.123549,0.1430193190171849
170,True,0,0.134963,0.15604048100067303
171,True,0,0.124489,0.14301840600091964
172,True,0,0.124624,0.14324200499686413
173,True,0,0.130512,0.1490778320003301
174,True,0,0.12955,0.14748398499796167
175,True,0,0.101773,0.1202681380091235
176,True,0,0.138402,0.1567176459939219
177,True,0,0.128231,0.14744474898907356
178,True,0,0.11978,0.13843506400007755
179,True,0,0.111431,0.13262013599160127
180,True,0,0.131341,0.1497665689967107
181,True,0,0.121485,0.1451767130056396
182,True,0,0.127573,0.1456201010150835
183,True,0,0.137047,0.15505447098985314
184,True,0,0.122179,0.14117993999389
185,True,0,0.127904,0.146054657001514
186,True,0,0.130459,0.14893476900761016
187,True,0,0.12415,0.14563279499998316
188,True,0,0.123098,0.14108284199028276
189,True,0,0.131906,0.1533303649921436
190,True,0,0.123419,0.14221622099285014
191,True,0,0.147195,0.1679092889826279
192,True,0,0.128207,0.14607636802247725
193,True,0,0.126608,0.14820508399861865
194,True,0,0.134311,0.15209322699229233
195,True,0,0.13833,0.16542557999491692
196,True,0,0.115037,0.13450510101392865
197,True,0,0.134363,0.15233840100700036
198,True,0,0.124239,0.14309411999420263
199,True,0,0.131253,0.14945111802080646
200,True,0,0.132725,0.15098646501428448
201,True,0,0.135254,0.15447324700653553
202,True,0,0.119118,0.1380629460036289
203,True,0,0.13674,0.1548543490062002
204,True,0,0.135137,0.1538203789968975
205,True,0,0.135628,0.1566246380098164
206,True,0,0.124471,0.14274809998460114
207,True,0,0.135039,0.15440927099552937
208,True,0,0.132245,0.15352347900625318
209,True,0,0.12967,0.14825003099394962
210,True,0,0.121439,0.14298734298790805
211,True,0,0.131253,0.149467845010804
212,True,0,0.121535,0.13943134201690555
213,True,0,0.13338,0.15179619498667307
214,True,0,0.113815,0.1320284649846144
215,True,0,0.134128,0.1538123959908262
216,True,0,0.136634,0.15917093501775526
217,True,0,0.125418,0.1434270559984725
218,True,0,0.112478,0.13526913902023807
219,True,0,0.130688,0.14969263601233251
220,True,0,0.114095,0.1448213909752667
221,True,0,0.131503,0.1577977309934795
222,True,0,0.120948,0.13958275300683454
223,True,0,0.130578,0.14848304601036943
224,True,0,0.132158,0.15360727600636892
225,True,0,0.12397,0.14323191600851715
226,True,0,0.128908,0.14850478200241923
227,True,0,0.13268,0.15054801502265036
228,True,0,0.124194,0.1434218309877906
229,True,0,0.141955,0.16018568302388303
230,True,0,0.127264,0.1453591590106953
231,True,0,0.128973,0.14717848200234585
232,True,0,0.132428,0.15078740500030108
233,True,0,0.121133,0.13952219998463988
234,True,0,0.1359,0.15535536099923775
235,True,0,0.122304,0.1410297160036862
236,True,0,0.131766,0.15037674401537515
237,True,0,0.121536,0.1403352080087643
238,True,0,0.117361,0.13584762898972258
239,True,0,0.12644,0.1478306539938785
240,True,0,0.124582,0.1428212659957353
241,True,0,0.128991,0.14997622100054286
242,True,0,0.124855,0.14307532101520337
243,True,0,0.12305,0.14235076500335708
244,True,0,0.130471,0.1485930670169182
245,True,0,0.127481,0.14583684701938182
246,True,0,0.123022,0.14506540799629875
247,True,0,0.118562,0.13685336100752465
248,True,0,0.115783,0.14144525799201801
249,True,0,0.128876,0.1474137370241806
250,True,0,0.1323,0.15238910599146038
251,True,0,0.133321,0.1515997530077584
252,True,0,0.129749,0.14850391799700446
253,True,0,0.133539,0.15155201801098883
254,True,0,0.134668,0.15448740299325436
255,True,0,0.126945,0.1447233509970829
256,True,0,0.130845,0.1490297090203967
257,True,0,0.130186,0.152288248995319
258,True,0,0.134273,0.15441135602304712
259,True,0,0.121866,0.1432582350098528
260,True,0,0.129938,0.15426271597971208
261,True,0,0.155596,0.17731278500286862
262,True,0,0.133097,0.15330270398408175
263,True,0,0.122971,0.1410331669903826
264,True,0,0.128316,0.14666922600008547
265,True,0,0.136781,0.15747458502301015
266,True,0,0.132777,0.1515370510169305
267,True,0,0.124132,0.14209276501787826
268,True,0,0.113949,0.13149682100629434
269,True,0,0.12709,0.14536104098078795
270,True,0,0.124546,0.14272503700340167
271,True,0,0.138449,0.1564972969936207
272,True,0,0.135135,0.15587258199229836
273,True,0,0.129262,0.1507318679941818
274,True,0,0.128127,0.14812273302231915
275,True,0,0.131423,0.150853836996248
276,True,0,0.134761,0.1550151569826994
277,True,0,0.10816,0.12824640699545853
278,True,0,0.110563,0.12811703098122962
279,True,0,0.129741,0.14801420000731014
280,True,0,0.12693,0.14466702699428424
281,True,0,0.137543,0.15548333898186684
282,True,0,0.127413,0.14689737401204184
283,True,0,0.132796,0.15342201001476496
284,True,0,0.122283,0.14227111701620743
285,True,0,0.130716,0.14895501799765043
286,True,0,0.12412,0.14337322799838148
287,True,0,0.117796,0.13768314200569876
288,True,0,0.117938,0.13670359199750237
289,True,0,0.119695,0.13941873700241558
290,True,0,0.153162,0.17297006800072268
291,True,0,0.126811,0.14624958598869853
292,True,0,0.137813,0.1564597620163113
293,True,0,0.138017,0.16062519699335098
294,True,0,0.125934,0.1439942340075504
295,True,0,0.129838,0.14819504102342762
296,True,0,0.132362,0.15110358499805443
297,True,0,0.128617,0.14661243199952878
298,True,0,0.12954,0.14775069401366636
299,True,0,0.129199,0.14731790800578892
300,True,0,0.126082,0.14393491999362595
301,True,0,0.134065,0.1520887539954856
302,True,0,0.147844,0.17396551699494012
303,True,0,0.124403,0.14242221802123822
304,True,0,0.132811,0.15130642798612826
305,True,0,0.116966,0.13598889502463862
306,True,0,0.141705,0.1600101930089295
307,True,0,0.121744,0.1394104530045297
308,True,0,0.127512,0.147242651990382
309,True,0,0.145336,0.1638592939998489
310,True,0,0.140112,0.16110488498816267
311,True,0,0.122356,0.14814643599675037
312,True,0,0.148094,0.16835193801671267
313,True,0,0.13028,0.15202693798346445
314,True,0,0.120509,0.14071584801422432
315,True,0,0.13339,0.15581484098220244
316,True,0,0.122272,0.14165523601695895
317,True,0,0.137996,0.15721392500563525
318,True,0,0.132528,0.15128215600270778
319,True,0,0.138053,0.15605185300228186
320,True,0,0.141623,0.16408463701372966
321,True,0,0.131582,0.15595384599873796
322,True,0,0.13652,0.15933560399571434
323,True,0,0.128674,0.1481557019869797
324,True,0,0.127741,0.15262347701354884
325,True,0,0.122588,0.14320436501293443
326,True,0,0.110571,0.12919928701012395
327,True,0,0.126236,0.14559696201467887
328,True,0,0.128903,0.15132046499638818
329,True,0,0.126986,0.1491147319902666
330,True,0,0.124105,0.14276201897882856
331,True,0,0.129521,0.1553049310168717
332,True,0,0.12685,0.14512353198369965
333,True,0,0.127611,0.14846334300818853
334,True,0,0.108355,0.12767033698037267
335,True,0,0.133848,0.155547052010661
336,True,0,0.133033,0.1516293770109769
337,True,0,0.128922,0.1478688569914084
338,True,0,0.133282,0.16032930600340478
339,True,0,0.130096,0.14919693197589368
340,True,0,0.133424,0.15235532898805104
341,True,0,0.12839,0.14761941900360398
342,True,0,0.122383,0.1415267389966175
343,True,0,0.120515,0.13994129598722793
344,True,0,0.12237,0.140525463008089
345,True,0,0.130639,0.14943904400570318
346,True,0,0.12443,0.14252738500363193
347,True,0,0.111322,0.13396006601396948
348,True,0,0.138194,0.1572394630056806
349,True,0,0.119977,0.14153272501425818
350,True,0,0.111498,0.13046572299208492
351,True,0,0.131005,0.1493991609895602
352,True,0,0.115005,0.1406486330088228
353,True,0,0.12662,0.14520214399090037
354,True,0,0.124412,0.1421086679911241
355,True,0,0.125092,0.14466226499644108
356,True,0,0.126842,0.14559729100437835
357,True,0,0.118073,0.13636969099752605
358,True,0,0.127232,0.14523660100530833
359,True,0,0.134974,0.15349688398418948
360,True,0,0.128079,0.14660442399326712
361,True,0,0.11607,0.13427431200398132
362,True,0,0.110398,0.12822588000562973
363,True,0,0.120739,0.1409405379963573
364,True,0,0.130778,0.15035663798335008
365,True,0,0.11829,0.13790950601105578
366,True,0,0.122889,0.1416854810086079
367,True,0,0.12638,0.14509635302238166
368,True,0,0.122006,0.14136669097933918
369,True,0,0.138767,0.15660477502387948
370,True,0,0.124728,0.1458367629966233
371,True,0,0.126509,0.14687085599871352
372,True,0,0.116686,0.1352226370072458
373,True,0,0.133221,0.15179557201918215
374,True,0,0.116853,0.13545078699826263
375,True,0,0.126923,0.1453395980061032
376,True,0,0.132493,0.15128175899735652
377,True,0,0.122643,0.14073202601866797
378,True,0,0.126917,0.1454681699979119
379,True,0,0.132728,0.15114445399376564
380,True,0,0.128995,0.15377717799856327
381,True,0,0.115541,0.13366006198339164
382,True,0,0.134632,0.15306440700078383
383,True,0,0.13015,0.14879137597745284
384,True,0,0.128389,0.14653541200095788
385,True,0,0.128439,0.1468750399944838
386,True,0,0.129632,0.14735921399551444
387,True,0,0.137684,0.15706640400458127
388,True,0,0.128581,0.1474605130206328
389,True,0,0.141743,0.16206477698870003
390,True,0,0.145231,0.169688447000226
391,True,0,0.131513,0.15291716498904862
392,True,0,0.133695,0.15815656498307362
393,True,0,0.135079,0.15475493698613718
394,True,0,0.125795,0.1465285159938503
395,True,0,0.134304,0.15605140500701964
396,True,0,0.120854,0.14009858999634162
397,True,0,0.126888,0.14505454199388623
398,True,0,0.129787,0.14813643498928286
399,True,0,0.109912,0.12792387601803057
400,True,0,0.131207,0.1543988839839585
401,True,0,0.125524,0.14352648801286705
402,True,0,0.119501,0.13722099998267367
403,True,0,0.129409,0.15381901600630954
404,True,0,0.124041,0.14507667100406252
405,True,0,0.114764,0.13479575898963958
406,True,0,0.133684,0.15329406099044718
407,True,0,0.125976,0.144605651992606
408,True,0,0.124647,0.14767080801539123
409,True,0,0.129338,0.14753023599041626
410,True,0,0.134106,0.1578241499955766
411,True,0,0.12387,0.14395556400995702
412,True,0,0.134225,0.1544370889896527
413,True,0,0.125732,0.14420444198185578
414,True,0,0.129894,0.1552115429949481
415,True,0,0.121117,0.14924147102283314
416,True,0,0.123809,0.14249327199649997
417,True,0,0.124734,0.14626330399187282
418,True,0,0.124416,0.14297201699810103
419,True,0,0.133274,0.15414569899439812
420,True,0,0.123238,0.14171773599809967
421,True,0,0.135649,0.15569422900443897
422,True,0,0.129926,0.1551281469874084
423,True,0,0.146181,0.17357560698292218
424,True,0,0.128458,0.14872667499003
425,True,0,0.129694,0.14904949997435324
426,True,0,0.13459,0.15321196499280632
427,True,0,0.121056,0.14025575399864465
428,True,0,0.129142,0.1502433140121866
429,True,0,0.123474,0.14189724600873888
430,True,0,0.131116,0.14983499801019207
431,True,0,0.117109,0.1361721699940972
432,True,0,0.124249,0.14552483498118818
433,True,0,0.129939,0.1578856470005121
434,True,0,0.13435,0.16124987398507074
435,True,0,0.120904,0.14081801599240862
436,True,0,0.131643,0.15188737300923094
437,True,0,0.135559,0.15503338898997754
438,True,0,0.126032,0.14398765898658894
439,True,0,0.128826,0.14693155800341628
440,True,0,0.120364,0.13842632999876514
441,True,0,0.118499,0.13632923498516902
442,True,0,0.115253,0.13345667300745845
443,True,0,0.127499,0.14606891298899427
444,True,0,0.125286,0.14500912799849175
445,True,0,0.13235,0.15303065199987032
446,True,0,0.134922,0.15586144500412047
447,True,0,0.119185,0.1387751309957821
448,True,0,0.131349,0.1495043380127754
449,True,0,0.108391,0.12915619401610456
450,True,0,0.116753,0.136250873998506
451,True,0,0.129061,0.15569327300181612
452,True,0,0.1265,0.1445549739873968
453,True,0,0.126342,0.1546621059824247
454,True,0,0.137263,0.15678958600619808
455,True,0,0.131175,0.15389548102393746
456,True,0,0.130193,0.14813541100011207
457,True,0,0.133723,0.15577156899962574
458,True,0,0.118645,0.1415085720072966
459,True,0,0.123342,0.1418011499918066
460,True,0,0.12474,0.14616288398974575
461,True,0,0.126846,0.145188591995975
462,True,0,0.127067,0.14522837099502794
463,True,0,0.119885,0.13804608301143162
464,True,0,0.134373,0.15418844600208104
465,True,0,0.123625,0.14673815600690432
466,True,0,0.132612,0.15180232201237231
467,True,0,0.126562,0.14557542200782336
468,True,0,0.135885,0.15578839101362973
469,True,0,0.144054,0.16395121000823565
470,True,0,0.141219,0.16175331600243226
471,True,0,0.129439,0.16466524498537183
472,True,0,0.128537,0.15023729400127195
473,True,0,0.111231,0.13000530598219484
474,True,0,0.125986,0.14602129798731767
475,True,0,0.130477,0.1496668470208533
476,True,0,0.12491,0.1438149670138955
477,True,0,0.128339,0.146772598993266
478,True,0,0.130049,0.14840577900758944
479,True,0,0.126579,0.1501043820171617
480,True,0,0.112207,0.13065092699253
481,True,0,0.127373,0.1471189910080284
482,True,0,0.129976,0.15376710699638352
483,True,0,0.126886,0.1456378279835917
484,True,0,0.129387,0.14820993901230395
485,True,0,0.128229,0.146979390992783
486,True,0,0.126873,0.14637021301314235
487,True,0,0.128708,0.14680174199747853
488,True,0,0.119995,0.13872066600015387
489,True,0,0.126391,0.14489394600968808
490,True,0,0.125738,0.14506699200137518
491,True,0,0.137289,0.15665958300814964
492,True,0,0.127073,0.1456775690021459
493,True,0,0.122636,0.1424659970216453
494,True,0,0.125429,0.1448614070250187
495,True,0,0.122527,0.14170514800935052
496,True,0,0.119717,0.1393316199828405
497,True,0,0.123438,0.14489539101487026
498,True,0,0.134904,0.15578316600294784
499,True,0,0.136029,0.15598072300781496
500,True,0,0.130777,0.14961789498920552
501,True,0,0.128217,0.14735058200312778
502,True,0,0.127621,0.14694944300572388
503,True,0,0.129637,0.15036717400653288
504,True,0,0.122503,0.14133077100268565
505,True,0,0.125903,0.1436539679998532
506,True,0,0.121907,0.14009649300714955
507,True,0,0.130494,0.1486945420037955
508,True,0,0.127912,0.1459786760096904
509,True,0,0.129524,0.14780228299787268
510,True,0,0.126854,0.15068957299808972
511,True,0,0.130758,0.15009773700148799
512,True,0,0.126053,0.1445167420024518
513,True,0,0.141475,0.1620968549977988
514,True,0,0.132096,0.1526912160043139
515,True,0,0.114479,0.13632415200117975
516,True,0,0.132814,0.15452275599818677
517,True,0,0.126821,0.14519271400058642
518,True,0,0.131593,0.15019886699155904
519,True,0,0.113299,0.13197977800155059
520,True,0,0.132713,0.15933390500140376
521,True,0,0.132937,0.15167879799264483
522,True,0,0.120688,0.13944177600205876
523,True,0,0.131842,0.15019537499756552
524,True,0,0.120637,0.14115465999930166
525,True,0,0.132779,0.1576748579973355
526,True,0,0.136865,0.15843403100734577
527,True,0,0.12396,0.14241305299219675
528,True,0,0.129647,0.14755368101759814
529,True,0,0.123901,0.14210367598570883
530,True,0,0.116323,0.13452026000595652
531,True,0,0.123628,0.15078578601242043
532,True,0,0.129142,0.15330618299776688
533,True,0,0.118083,0.136307674983982
534,True,0,0.111836,0.13161013400531374
535,True,0,0.110955,0.13168427400523797
536,True,0,0.127108,0.1502918949990999
537,True,0,0.120111,0.13862702500773594
538,True,0,0.135583,0.15558051099651493
539,True,0,0.130991,0.14941034102230333
540,True,0,0.122742,0.1408608419878874
541,True,0,0.127656,0.1477847339992877
542,True,0,0.126287,0.1465869100065902
543,True,0,0.126875,0.15282970701809973
544,True,0,0.131404,0.15090013199369423
545,True,0,0.128435,0.1464086739870254
546,True,0,0.127891,0.14760034802020527
547,True,0,0.125082,0.14398392601287924
548,True,0,0.118763,0.1372383130074013
549,True,0,0.130999,0.1488218590093311
550,True,0,0.133207,0.15120985198882408
551,True,0,0.130898,0.14931604199227877
552,True,0,0.128741,0.14685777301201597
553,True,0,0.122421,0.14219439300359227
554,True,0,0.130543,0.14854220300912857
555,True,0,0.113946,0.13173884598654695
556,True,0,0.127374,0.14584670698968694
557,True,0,0.120635,0.13868175499374047
558,True,0,0.118001,0.13615253299940377
559,True,0,0.118995,0.13681083801202476
560,True,0,0.121621,0.13948066902230494
561,True,0,0.127928,0.1457365959940944
562,True,0,0.123181,0.1415548599907197
563,True,0,0.130579,0.14871183899231255
564,True,0,0.125926,0.14487088902387768
565,True,0,0.128086,0.14859471601084806
566,True,0,0.133583,0.1526823099993635
567,True,0,0.125811,0.1464147169899661
568,True,0,0.131868,0.15076864598086104
569,True,0,0.136828,0.1550661550136283
570,True,0,0.13411,0.15351706300862134
571,True,0,0.130951,0.14916910100146197
572,True,0,0.130654,0.14956720001646318
573,True,0,0.125502,0.14470330899348482
574,True,0,0.128249,0.1472511790052522
575,True,0,0.133856,0.15203219300019555
576,True,0,0.130827,0.14914908100035973
577,True,0,0.137508,0.15601352998055518
578,True,0,0.126856,0.14706266298890114
579,True,0,0.128196,0.14754899201216176
580,True,0,0.129623,0.15008508999017067
581,True,0,0.115884,0.1343292709789239
582,True,0,0.125616,0.14508131600450724
583,True,0,0.125031,0.15195090699126013
584,True,0,0.124413,0.14627607699367218
585,True,0,0.126535,0.1446766330045648
586,True,0,0.121008,0.1388863599859178
587,True,0,0.131224,0.1490749170188792
588,True,0,0.11908,0.13678306000656448
589,True,0,0.13184,0.14986137297819369
590,True,0,0.124202,0.14249274498433806
591,True,0,0.127755,0.14729207500931807
592,True,0,0.127521,0.14547481399495155
593,True,0,0.132746,0.15054069002508186
594,True,0,0.132675,0.1507791060139425
595,True,0,0.127887,0.14695010799914598
596,True,0,0.132865,0.15095990200643428
597,True,0,0.131057,0.14984499098500237
598,True,0,0.132763,0.15064012599759735
599,True,0,0.123218,0.14117028799955733
600,True,0,0.13526,0.15450428298208863
601,True,0,0.155461,0.17783729001530446
602,True,0,0.131008,0.15095832699444145
603,True,0,0.134091,0.15304906098754145
604,True,0,0.130817,0.14952754299156368
605,True,0,0.130855,0.14934479698422365
606,True,0,0.13793,0.15648230200167745
607,True,0,0.133663,0.15394926600856707
608,True,0,0.128408,0.1467058249982074
609,True,0,0.126296,0.14454880898119882
610,True,0,0.130661,0.14978014200460166
611,True,0,0.139274,0.15822980902157724
612,True,0,0.120075,0.13832640601322055
613,True,0,0.127223,0.1458688550046645
614,True,0,0.125818,0.14416206898749806
615,True,0,0.137883,0.15642919900710694
616,True,0,0.133131,0.15157365400227718
617,True,0,0.121468,0.1398033119912725
618,True,0,0.129773,0.14850524597568437
619,True,0,0.120125,0.1405930959735997
620,True,0,0.147813,0.17087550199357793
621,True,0,0.122024,0.14119034199393354
622,True,0,0.127963,0.14925254599074833
623,True,0,0.135975,0.16408228999353014
624,True,0,0.132315,0.15074869399541058
625,True,0,0.12534,0.1443034129915759
626,True,0,0.11945,0.13753797399112955
627,True,0,0.120459,0.1388528329844121
628,True,0,0.127056,0.14542934100609273
629,True,0,0.123395,0.1415100950107444
630,True,0,0.128303,0.15059208299499005
631,True,0,0.132898,0.15133866399992257
632,True,0,0.115059,0.13558545400155708
633,True,0,0.119126,0.1375506519980263
634,True,0,0.126898,0.14513645801343955
635,True,0,0.128709,0.14700508600799367
636,True,0,0.130969,0.15097510200575925
637,True,0,0.128929,0.14729615501710214
638,True,0,0.130777,0.14914960900205187
639,True,0,0.125151,0.14698910198058002
640,True,0,0.119256,0.14028341200901195
641,True,0,0.123334,0.14138864001142792
642,True,0,0.115472,0.13433378702029586
643,True,0,0.119051,0.13794157400843687
644,True,0,0.129385,0.1478731270181015
645,True,0,0.125735,0.14638651700806804
646,True,0,0.127166,0.14646708901273087
647,True,0,0.128709,0.15001990500604734
648,True,0,0.130148,0.14835881898761727
649,True,0,0.128593,0.1477108440012671
650,True,0,0.119554,0.13890358700882643
651,True,0,0.135547,0.15435495899873786
652,True,0,0.12934,0.14774666901212186
653,True,0,0.127784,0.14732964101131074
654,True,0,0.125359,0.14463722598156892
655,True,0,0.122067,0.14038318299571984
656,True,0,0.130284,0.1552400809887331
657,True,0,0.134596,0.15327065499150194
658,True,0,0.107911,0.1262115050049033
659,True,0,0.132978,0.15578380599617958
660,True,0,0.111625,0.13059468800202012
661,True,0,0.131342,0.15043757000239566
662,True,0,0.123001,0.14370151501498185
663,True,0,0.13065,0.14986175001831725
664,True,0,0.129811,0.1485082489962224
665,True,0,0.125231,0.1437511100084521
666,True,0,0.115774,0.13380129600409418
667,True,0,0.134536,0.15343476002453826
668,True,0,0.128877,0.1475389149854891
669,True,0,0.128818,0.15030272500007413
670,True,0,0.106499,0.12993364801513962
671,True,0,0.11001,0.13380095598404296
672,True,0,0.134341,0.15286504800315015
673,True,0,0.130437,0.1513209039985668
674,True,0,0.110366,0.1289221629849635
675,True,0,0.129835,0.14834554499248043
676,True,0,0.130333,0.15336603799369186
677,True,0,0.119649,0.14282686699880287
678,True,0,0.133476,0.1534392749890685
679,True,0,0.136723,0.15482979899388738
680,True,0,0.137486,0.1573880779906176
681,True,0,0.127841,0.14732911202008836
682,True,0,0.11554,0.13630159202148207
683,True,0,0.134266,0.15242556697921827
684,True,0,0.132269,0.15870598499896005
685,True,0,0.133727,0.15243697998812422
686,True,0,0.121057,0.13948119498672895
687,True,0,0.126147,0.1444614710053429
688,True,0,0.129856,0.14927444199565798
689,True,0,0.132638,0.15193772199563682
690,True,0,0.133764,0.15702065799268894
691,True,0,0.131684,0.15071872001863085
692,True,0,0.131487,0.1506128130131401
693,True,0,0.133034,0.1517400250013452
694,True,0,0.132077,0.157681490003597
695,True,0,0.122944,0.14081028397777118
696,True,0,0.124021,0.14209953899262473
697,True,0,0.135298,0.1533820159966126
698,True,0,0.115191,0.14130010700318962
699,True,0,0.131314,0.14951392001239583
700,True,0,0.124877,0.14268572800210677
701,True,0,0.130343,0.14823671098565683
702,True,0,0.12612,0.1469286479987204
703,True,0,0.123328,0.1427049369958695
704,True,0,0.137524,0.161973598995246
705,True,0,0.130393,0.1590124959766399
706,True,0,0.118381,0.14326926600188017
707,True,0,0.141425,0.16876184800639749
708,True,0,0.12276,0.14964151300955564
709,True,0,0.135064,0.15340059297159314
710,True,0,0.12709,0.14688253399799578
711,True,0,0.114243,0.1364081060164608
712,True,0,0.12035,0.138563131011324
713,True,0,0.119351,0.1440756039810367
714,True,0,0.120082,0.13829136299318634
715,True,0,0.12256,0.1412277200142853
716,True,0,0.124983,0.14799270799267106
717,True,0,0.131364,0.14995523399556987
718,True,0,0.132039,0.1526939390168991
719,True,0,0.124231,0.15116161698824726
720,True,0,0.127594,0.15308015799382702
721,True,0,0.130784,0.1499888749967795
722,True,0,0.182566,0.21454103800351731
723,True,0,0.131773,0.15004316499107517
724,True,0,0.134423,0.15261814900441095
725,True,0,0.126522,0.14456646001781337
726,True,0,0.126355,0.1487252460210584
727,True,0,0.135147,0.15330459698452614
728,True,0,0.126324,0.14482731302268803
729,True,0,0.12651,0.14562081699841656
730,True,0,0.126176,0.14416490998701192
731,True,0,0.115304,0.13406347300042398
732,True,0,0.126738,0.1478889409918338
733,True,0,0.131737,0.15265315299620852
734,True,0,0.143685,0.1637328110227827
735,True,0,0.131402,0.15141535899601877
736,True,0,0.132996,0.15453951500239782
737,True,0,0.118817,0.13998948299558833
738,True,0,0.131855,0.14984155001002364
739,True,0,0.145153,0.16501236899057403
740,True,0,0.133566,0.15254021401051432
741,True,0,0.129441,0.15233017998980358
742,True,0,0.126634,0.144817485997919
743,True,0,0.11542,0.13319862002390437
744,True,0,0.130936,0.14975293900351971
745,True,0,0.113933,0.1323623869975563
746,True,0,0.122604,0.1467023059958592
747,True,0,0.135507,0.15360631002113223
748,True,0,0.12483,0.14656865698634647
749,True,0,0.132198,0.15163852300611325
750,True,0,0.124053,0.14231973499408923
751,True,0,0.124388,0.1489391500072088
752,True,0,0.129675,0.15148616299848072
753,True,0,0.132655,0.15267069000401534
754,True,0,0.133509,0.1521791459817905
755,True,0,0.132793,0.1516044279851485
756,True,0,0.125936,0.15458014700561762
757,True,0,0.129744,0.15093059701030143
758,True,0,0.128715,0.1581626390106976
759,True,0,0.126494,0.14528199599590153
760,True,0,0.114514,0.13323865699931048
761,True,0,0.123099,0.14144649601075798
762,True,0,0.124806,0.1435031319851987
763,True,0,0.119543,0.13919778499985114
764,True,0,0.114066,0.1347073380020447
765,True,0,0.129039,0.14913814698229544
766,True,0,0.122427,0.14079889599815942
767,True,0,0.123758,0.14231229602592066
768,True,0,0.12658,0.144656454998767
769,True,0,0.132804,0.15184775000670925
770,True,0,0.128455,0.1463231139932759
771,True,0,0.134994,0.15914145999704488
772,True,0,0.132129,0.1506827620032709
773,True,0,0.120574,0.13952048198552802
774,True,0,0.120602,0.13859441099339165
775,True,0,0.132472,0.15063833800377324
776,True,0,0.135052,0.15677369601326063
777,True,0,0.119832,0.13783605201751925
778,True,0,0.124871,0.14272638800321147
779,True,0,0.117646,0.13589153799694031
780,True,0,0.124883,0.14328871900215745
781,True,0,0.125944,0.14344056899426505
782,True,0,0.126159,0.14425134198972955
783,True,0,0.124621,0.14285231899702922
784,True,0,0.125,0.14301255298778415
785,True,0,0.131993,0.15029189799679443
786,True,0,0.13485,0.15530472702812403
787,True,0,0.119359,0.13796826999168843
788,True,0,0.127252,0.14796896898769774
789,True,0,0.126227,0.14527402899693698
790,True,0,0.132619,0.15148948100977577
791,True,0,0.117712,0.13979567697970197
792,True,0,0.126844,0.15069147298345342
793,True,0,0.128915,0.14703408800414763
794,True,0,0.120174,0.14394126299885102
795,True,0,0.115661,0.1347512829815969
796,True,0,0.149209,0.17509467399213463
797,True,0,0.119884,0.13819871202576905
798,True,0,0.127515,0.14994501799810678
799,True,0,0.118922,0.14002858000458218
800,True,0,0.135125,0.1550630599958822
801,True,0,0.157564,0.18701735499780625
802,True,0,0.144777,0.1833263130101841
803,True,0,0.168196,0.19607130700023845
804,True,0,0.121974,0.16085762699367478
805,True,0,0.199188,0.22793702202034183
806,True,0,0.135625,0.15896430402062833
807,True,0,0.139859,0.15831641198019497
808,True,0,0.145187,0.17025066001224332
809,True,0,0.130796,0.14933533599833027
810,True,0,0.132044,0.1515394609887153
811,True,0,0.137403,0.15626202899147756
812,True,0,0.120282,0.13868822800577618
813,True,0,0.131213,0.14960913499817252
814,True,0,0.134053,0.15600329099106602
815,True,0,0.157772,0.17919450800400227
816,True,0,0.133432,0.1531599500158336
817,True,0,0.134699,0.15454684098949656
818,True,0,0.139421,0.15810277202399448
819,True,0,0.127709,0.14763418099028058
820,True,0,0.130019,0.1496743400057312
821,True,0,0.127511,0.14710290200309828
822,True,0,0.130431,0.1499384400085546
823,True,0,0.114713,0.1394174229935743
824,True,0,0.128221,0.1465677020023577
825,True,0,0.134488,0.15361438700347207
826,True,0,0.130736,0.14881522400537506
827,True,0,0.120487,0.13854777501546778
828,True,0,0.136818,0.15581832500174642
829,True,0,0.133966,0.15298840898321941
830,True,0,0.128808,0.14797362199169584
831,True,0,0.131886,0.15026869502617046
832,True,0,0.120487,0.13951681699836627
833,True,0,0.136728,0.1621001359890215
834,True,0,0.13363,0.15213140001287684
835,True,0,0.118486,0.13750543099013157
836,True,0,0.109004,0.12681959499605
837,True,0,0.129795,0.149460053013172
838,True,0,0.126799,0.1454199610161595
839,True,0,0.122632,0.14035614501335658
840,True,0,0.125262,0.14404168498003855
841,True,0,0.1223,0.14340867797727697
842,True,0,0.124622,0.14265484898351133
843,True,0,0.138709,0.15844902000389993
844,True,0,0.134536,0.15489798100315966
845,True,0,0.124341,0.1423534849891439
846,True,0,0.128352,0.15018758000223897
847,True,0,0.128426,0.14648257597582415
848,True,0,0.128591,0.14851679702405818
849,True,0,0.125224,0.14338104700436816
850,True,0,0.130389,0.15001275402028114
851,True,0,0.13118,0.15072547798627056
852,True,0,0.123507,0.1538328730093781
853,True,0,0.131332,0.1493983880209271
854,True,0,0.130807,0.15066294302232563
855,True,0,0.124439,0.14224644200294279
856,True,0,0.127249,0.14624212801572867
857,True,0,0.122822,0.14084938800078817
858,True,0,0.127334,0.14555592302349396
859,True,0,0.132148,0.15488533399184234
860,True,0,0.129751,0.14820611898903735
861,True,0,0.130325,0.14877258299384266
862,True,0,0.131062,0.1525408240268007
863,True,0,0.136742,0.15686568099772558
864,True,0,0.132586,0.15233186600380577
865,True,0,0.121034,0.14679269399493933
866,True,0,0.128277,0.15221874401322566
867,True,0,0.130501,0.15015897699049674
868,True,0,0.137052,0.16027180501259863
869,True,0,0.133679,0.1528938430128619
870,True,0,0.135657,0.1571949849894736
871,True,0,0.140882,0.1597760420117993
872,True,0,0.139782,0.15823417401406914
873,True,0,0.131299,0.15739471800043248
874,True,0,0.154462,0.17898470698855817
875,True,0,0.135089,0.15354398597264662
876,True,0,0.121208,0.13955648298724554
877,True,0,0.130845,0.15070691701839678
878,True,0,0.135778,0.1560653200140223
879,True,0,0.123145,0.14189394400455058
880,True,0,0.127914,0.15439864099607803
881,True,0,0.126724,0.14743567700497806
882,True,0,0.129214,0.1494812059972901
883,True,0,0.123132,0.142452833999414
884,True,0,0.123789,0.14512208101223223
885,True,0,0.131216,0.14956513300421648
886,True,0,0.12906,0.15298465100931935
887,True,0,0.130669,0.1488857479998842
888,True,0,0.126689,0.14597635899554007
889,True,0,0.13258,0.15337963300407864
890,True,0,0.136627,0.155706582008861
891,True,0,0.134746,0.15370372898178175
892,True,0,0.119699,0.1380590350017883
893,True,0,0.137359,0.1564843920059502
894,True,0,0.119515,0.13914352102437988
895,True,0,0.111854,0.12977989698993042
896,True,0,0.116221,0.13631072899443097
897,True,0,0.12779,0.14693623798666522
898,True,0,0.13152,0.15119181497721002
899,True,0,0.128948,0.15044121400569566
900,True,0,0.12307,0.1410572710155975
901,True,0,0.123816,0.14219687800505199
902,True,0,0.118241,0.13705078698694706
903,True,0,0.119425,0.1386779889871832
904,True,0,0.127196,0.14505111498874612
905,True,0,0.129336,0.15295934199821204
906,True,0,0.12901,0.14726828399579972
907,True,0,0.126449,0.1448122069996316
908,True,0,0.132879,0.15237500399234705
909,True,0,0.126964,0.1448309379920829
910,True,0,0.132023,0.14989266198244877
911,True,0,0.120222,0.13838787900749594
912,True,0,0.128468,0.14617472398094833
913,True,0,0.116457,0.135934047983028
914,True,0,0.125542,0.14555922002182342
915,True,0,0.124427,0.1426805639930535
916,True,0,0.128457,0.1498986189835705
917,True,0,0.123039,0.14336044900119305
918,True,0,0.127026,0.14647534899995662
919,True,0,0.120619,0.13954291201662272
920,True,0,0.125278,0.14420539501588792
921,True,0,0.121911,0.1409074479888659
922,True,0,0.115112,0.1360764300043229
923,True,0,0.129295,0.15712949400767684
924,True,0,0.12559,0.15133828698890284
925,True,0,0.125566,0.14328317798208445
926,True,0,0.120778,0.14618149798479863
927,True,0,0.124141,0.14318296001874842
928,True,0,0.127566,0.1457944939902518
929,True,0,0.118454,0.13674893797724508
930,True,0,0.137385,0.1592131390061695
931,True,0,0.113273,0.13166615102090873
932,True,0,0.128664,0.1509907919971738
933,True,0,0.1344,0.15995055600069463
934,True,0,0.1289,0.1502920049824752
935,True,0,0.146533,0.1646894470031839
936,True,0,0.114182,0.13495390300522558
937,True,0,0.111087,0.1296677770151291
938,True,0,0.123031,0.15371581198996864
939,True,0,0.124619,0.14248188401688822
940,True,0,0.13496,0.1576194619992748
941,True,0,0.120141,0.14986496200435795
942,True,0,0.118309,0.13743791001616046
943,True,0,0.125223,0.14410996600054204
944,True,0,0.14184,0.1610899470106233
945,True,0,0.12721,0.14596388998324983
946,True,0,0.126377,0.1459471739945002
947,True,0,0.156391,0.1797728539968375
948,True,0,0.139985,0.15979095600778237
949,True,0,0.154094,0.17238879698561504
950,True,0,0.122191,0.14698435500031337
951,True,0,0.136576,0.15529095800593495
952,True,0,0.156145,0.180014123005094
953,True,0,0.124988,0.14427426402107812
954,True,0,0.20147,0.22335089900298044
955,True,0,0.133338,0.16276483799447306
956,True,0,0.145571,0.16570908899302594
957,True,0,0.164266,0.18425906202173792
958,True,0,0.144584,0.1635301009810064
959,True,0,0.136326,0.16725869497167878
960,True,0,0.138896,0.15868740799487568
961,True,0,0.147815,0.16623210802208632
962,True,0,0.113408,0.1376984489907045
963,True,0,0.132109,0.15042074999655597
964,True,0,0.131321,0.15138484400813468
965,True,0,0.128043,0.1486902910110075
966,True,0,0.11742,0.135744560015155
967,True,0,0.126959,0.1445237339939922
968,True,0,0.121429,0.13948111701756716
969,True,0,0.12059,0.14280937498551793
970,True,0,0.128759,0.14795753799262457
971,True,0,0.151559,0.17129466199548915
972,True,0,0.130371,0.1507024409947917
973,True,0,0.145274,0.17452812800183892
974,True,0,0.131202,0.15828313998645172
975,True,0,0.173014,0.19480213601491414
976,True,0,0.129692,0.14998115901835263
977,True,0,0.118809,0.13976404099958017
978,True,0,0.1353,0.15385954699013382
979,True,0,0.131915,0.15554798598168418
980,True,0,0.130446,0.15055253100581467
981,True,0,0.139195,0.16464600001927465
982,True,0,0.133314,0.15443457500077784
983,True,0,0.129503,0.14866613899357617
984,True,0,0.127799,0.14774939199560322
985,True,0,0.12614,0.1506635450059548
986,True,0,0.133008,0.1516486150212586
987,True,0,0.122928,0.1420883280225098
988,True,0,0.135897,0.15524442301830277
989,True,0,0.134726,0.15463033999549225
990,True,0,0.128108,0.14796358600142412
991,True,0,0.137024,0.15550114898360334
992,True,0,0.129933,0.15335097300703637
993,True,0,0.12354,0.14245051800389774
994,True,0,0.123888,0.14585386798717082
995,True,0,0.137404,0.1552851639862638
996,True,0,0.133228,0.1558351750136353
997,True,0,0.131256,0.1514001099858433
998,True,0,0.135716,0.1541449880169239
999,True,0,0.129313,0.151664556004107
1000,True,0,0.121054,0.13954285602085292
