execution,success,return_code,protocol_time_s,wall_time_s,cpu_temperature_c,cpu_frequency_mhz,error
1,True,0,2.457539,2.6458753590000015,60.148,1400.0,
2,True,0,2.560116,2.7141859650000697,60.148,1400.0,
3,True,0,2.672351,2.827934204999792,59.61,1400.0,
4,True,0,2.667342,2.821701542000028,60.148,1400.0,
5,True,0,2.527645,2.6782772240001123,60.686,1400.0,
6,True,0,2.623411,2.8597653540000465,60.148,1400.0,
7,True,0,2.393137,2.544221835999906,60.148,1400.0,
8,True,0,2.339541,2.4929746149998664,60.148,1400.0,
9,True,0,2.492139,2.6439607109998633,60.148,1400.0,
10,True,0,2.615561,2.7676298700000643,60.148,1400.0,
11,True,0,2.440295,2.5932334220001394,60.148,1400.0,
12,True,0,2.556203,2.710766496000133,60.148,1400.0,
13,True,0,2.676719,2.8289251940000213,60.686,1400.0,
14,True,0,2.515862,2.669039974000043,60.148,1400.0,
15,True,0,2.635943,2.804328277999957,60.148,1400.0,
16,True,0,2.487527,2.70042150900008,61.224,1400.0,
17,True,0,2.66614,2.8825414000000364,60.686,1400.0,
18,True,0,2.594053,2.7722204240001247,61.224,1400.0,
19,True,0,2.486641,2.64396838499988,61.762,1400.0,
20,True,0,2.76004,2.9082516779999423,61.224,1400.0,
21,True,0,2.504971,2.660614058999954,60.686,1400.0,
22,True,0,2.415088,2.5739547140001378,60.686,1400.0,
23,True,0,2.295189,2.449858297999981,61.224,1400.0,
24,True,0,2.418704,2.5729895899999065,60.686,1400.0,
25,True,0,2.532811,2.6863832389999516,61.224,1400.0,
26,True,0,2.637568,2.7948988230000396,61.224,1400.0,
27,True,0,2.444995,2.6176933840001766,60.686,1400.0,
28,True,0,2.833037,2.9987987599999997,61.224,1400.0,
29,True,0,2.378797,2.5409877100000813,60.686,1400.0,
30,True,0,2.62269,2.7971843929999523,61.224,1400.0,
31,True,0,2.609423,2.7613303279999855,60.686,1400.0,
32,True,0,2.499468,2.6526726399999916,61.224,1400.0,
33,True,0,2.524397,2.6764807639999617,61.224,1400.0,
34,True,0,2.358884,2.5111825529997986,60.686,1400.0,
35,True,0,2.654064,2.806324786999994,60.686,1400.0,
36,True,0,2.310629,2.4624806369999988,61.224,1400.0,
37,True,0,2.435168,2.5867348899998888,60.686,1400.0,
38,True,0,2.408833,2.5626524740000605,61.224,1400.0,
39,True,0,2.600124,2.752675305999901,60.686,1400.0,
40,True,0,2.567261,2.7189649909998934,60.686,1400.0,
41,True,0,2.457015,2.608180801000117,61.224,1400.0,
42,True,0,2.650693,2.8024383109998325,60.686,1400.0,
43,True,0,2.480134,2.6321393840000837,61.224,1400.0,
44,True,0,2.519031,2.6702971710001293,60.686,1400.0,
45,True,0,2.686057,2.837003060999905,60.686,1400.0,
46,True,0,2.603044,2.757369130999905,61.224,1400.0,
47,True,0,2.280629,2.449159360000067,61.224,1400.0,
48,True,0,2.615617,2.766822583000021,60.148,1400.0,
49,True,0,2.642632,2.7953271569999742,60.148,1400.0,
50,True,0,2.608559,2.759934189999967,60.686,1400.0,
51,True,0,2.575522,2.7279622060000293,60.686,1400.0,
52,True,0,2.480212,2.632005339999978,60.686,1400.0,
53,True,0,2.724799,2.8757508260000577,60.686,1400.0,
54,True,0,2.359351,2.511602466999875,60.686,1400.0,
55,True,0,2.662464,2.8170998190000773,61.224,1400.0,
56,True,0,2.60437,2.756495804999986,60.686,1400.0,
57,True,0,2.573533,2.726943037999945,61.224,1400.0,
58,True,0,2.375143,2.5284566220000215,60.686,1400.0,
59,True,0,2.701693,2.8555515350001315,60.686,1400.0,
60,True,0,2.279226,2.429917515999932,59.61,1400.0,
61,True,0,2.482154,2.633764372999849,61.224,1400.0,
62,True,0,2.68693,2.8402055469998686,60.686,1400.0,
63,True,0,2.568942,2.7200538330000654,60.686,1400.0,
64,True,0,2.641717,2.792680876999839,61.224,1400.0,
65,True,0,2.360396,2.513998937999986,61.224,1400.0,
66,True,0,2.640504,2.7944593990000612,61.224,1400.0,
67,True,0,2.493581,2.6453303969999524,60.686,1400.0,
68,True,0,2.567181,2.722419309000088,61.224,1400.0,
69,True,0,2.438384,2.607629253999903,61.224,1400.0,
70,True,0,2.198358,2.3496630100000857,60.686,1400.0,
71,True,0,2.443477,2.594987076000052,61.224,1400.0,
72,True,0,2.444415,2.596740035000039,60.686,1400.0,
73,True,0,2.571263,2.723221770000009,61.224,1400.0,
74,True,0,2.532204,2.6842068359999303,60.686,1400.0,
75,True,0,2.712393,2.8726955879999423,61.762,1400.0,
76,True,0,2.688645,2.8780922879998343,61.224,1400.0,
77,True,0,2.696581,2.870700991999911,61.224,1400.0,
78,True,0,2.686905,2.840405103999956,61.224,1400.0,
79,True,0,2.428763,2.5846726120000767,61.762,1400.0,
80,True,0,2.566437,2.719235215000026,61.224,1400.0,
81,True,0,2.294115,2.4465799960000822,61.224,1400.0,
82,True,0,2.495698,2.648018461999982,61.224,1400.0,
83,True,0,2.600909,2.752982629999906,61.762,1400.0,
84,True,0,2.570094,2.7210781009998755,61.224,1400.0,
85,True,0,2.488142,2.639264500000081,61.224,1400.0,
86,True,0,2.6374,2.788746344000174,61.224,1400.0,
87,True,0,2.644067,2.7959705420000773,61.224,1400.0,
88,True,0,2.485019,2.63738255699991,61.224,1400.0,
89,True,0,2.575702,2.728828105000048,60.686,1400.0,
90,True,0,2.37649,2.5417602800000623,61.224,1400.0,
91,True,0,2.532811,2.705315326000118,61.224,1400.0,
92,True,0,2.479929,2.633454208000103,61.224,1400.0,
93,True,0,2.614109,2.7685061289998885,61.224,1400.0,
94,True,0,2.540355,2.695892617000027,61.762,1400.0,
95,True,0,2.650012,2.803366777999827,61.224,1400.0,
96,True,0,2.673004,2.8254872499999237,61.762,1400.0,
97,True,0,2.519557,2.6734215480000785,61.224,1400.0,
98,True,0,2.517488,2.673270709999997,61.762,1400.0,
99,True,0,2.52877,2.681106575000058,61.762,1400.0,
100,True,0,2.571155,2.725542421,61.224,1400.0,
101,True,0,2.660251,2.812765421999984,61.224,1400.0,
102,True,0,2.4897,2.640641323999944,61.762,1400.0,
103,True,0,2.495826,2.647856929999989,61.762,1400.0,
104,True,0,2.760444,2.913132033000011,61.224,1400.0,
105,True,0,2.53364,2.6855174180000176,61.224,1400.0,
106,True,0,2.639149,2.7913927270001295,61.224,1400.0,
107,True,0,2.612863,2.7649388669999553,61.224,1400.0,
108,True,0,2.481826,2.6346455750001496,61.224,1400.0,
109,True,0,2.527551,2.6809815729998263,60.686,1400.0,
110,True,0,2.758962,2.911559969999871,61.762,1400.0,
111,True,0,2.681951,2.8339513139999326,61.762,1400.0,
112,True,0,2.5687,2.723202254999933,61.224,1400.0,
113,True,0,2.426741,2.582704089000117,61.224,1400.0,
114,True,0,2.782731,2.9341473510000924,61.762,1400.0,
115,True,0,2.692842,2.84476252200011,61.224,1400.0,
116,True,0,2.431345,2.5838659480000388,60.686,1400.0,
117,True,0,2.613943,2.7660731359999318,61.224,1400.0,
118,True,0,2.148545,2.302920399999948,61.224,1400.0,
119,True,0,2.600456,2.7525302889998784,61.224,1400.0,
120,True,0,2.72877,2.8808784679999917,61.762,1400.0,
121,True,0,2.6156,2.767417228999875,61.224,1400.0,
122,True,0,2.455321,2.608315300999948,61.224,1400.0,
123,True,0,2.722015,2.8742098719999376,61.224,1400.0,
124,True,0,2.709862,2.86215494399994,61.224,1400.0,
125,True,0,2.488231,2.6402630879999833,61.224,1400.0,
126,True,0,2.651025,2.8044011950000822,61.224,1400.0,
127,True,0,2.644,2.7956231870000465,61.762,1400.0,
128,True,0,2.562479,2.715206728999874,61.762,1400.0,
129,True,0,2.566659,2.718469425999956,61.224,1400.0,
130,True,0,2.527537,2.6844952189999276,61.224,1400.0,
131,True,0,2.534595,2.6879819260000204,61.762,1400.0,
132,True,0,2.597002,2.748211488999914,62.3,1400.0,
133,True,0,2.325788,2.4779283279999618,61.224,1400.0,
134,True,0,2.408436,2.56117722099998,61.224,1400.0,
135,True,0,2.653559,2.806470945000001,61.762,1400.0,
136,True,0,2.749904,2.90310553900008,62.3,1400.0,
137,True,0,2.649983,2.8027488089999224,61.762,1400.0,
138,True,0,2.658912,2.8125351389999196,61.762,1400.0,
139,True,0,2.504347,2.6571225820000564,62.3,1400.0,
140,True,0,2.631959,2.784577894999984,61.224,1400.0,
141,True,0,2.676455,2.829766135,61.762,1400.0,
142,True,0,2.445583,2.6003855509998175,61.224,1400.0,
143,True,0,2.559324,2.7114670419998674,61.762,1400.0,
144,True,0,2.617788,2.7691784850001113,61.224,1400.0,
145,True,0,2.359881,2.5134656110001288,62.3,1400.0,
146,True,0,2.587336,2.739930150999953,61.224,1400.0,
147,True,0,2.36398,2.5151804449999418,61.762,1400.0,
148,True,0,2.60794,2.760535362999917,61.224,1400.0,
149,True,0,2.610672,2.764615611999943,61.762,1400.0,
150,True,0,2.655308,2.8082640620000348,61.762,1400.0,
151,True,0,2.602138,2.7561431220001396,62.3,1400.0,
152,True,0,2.313829,2.4692236470000353,61.224,1400.0,
153,True,0,2.568267,2.7202439179998237,61.224,1400.0,
154,True,0,2.646026,2.798026309000079,61.762,1400.0,
155,True,0,2.400161,2.5521447720000197,61.224,1400.0,
156,True,0,2.642267,2.795112453999991,61.762,1400.0,
157,True,0,2.521348,2.6739444149998235,62.3,1400.0,
158,True,0,2.568404,2.724688735999962,61.762,1400.0,
159,True,0,2.484131,2.641408330000104,62.3,1400.0,
160,True,0,2.553631,2.7073478289999002,61.762,1400.0,
161,True,0,2.70891,2.8635265699999763,61.762,1400.0,
162,True,0,2.487932,2.6403582709999682,61.762,1400.0,
163,True,0,2.718711,2.871620765999978,61.762,1400.0,
164,True,0,2.533019,2.6873570750001363,61.224,1400.0,
165,True,0,2.671186,2.8231730459999653,61.762,1400.0,
166,True,0,2.39909,2.5532039060001352,61.224,1400.0,
167,True,0,2.438488,2.5930044480001015,61.224,1400.0,
168,True,0,2.584496,2.7363724330000423,61.762,1400.0,
169,True,0,2.478857,2.630834156999981,61.762,1400.0,
170,True,0,2.584767,2.736461491,62.3,1400.0,
171,True,0,2.361641,2.5138608489999115,62.3,1400.0,
172,True,0,2.609553,2.7619309120000253,61.762,1400.0,
173,True,0,2.560786,2.7133108519999496,61.762,1400.0,
174,True,0,2.614483,2.7677681870000015,61.224,1400.0,
175,True,0,2.513579,2.66859734500008,61.224,1400.0,
176,True,0,2.698343,2.8512356660000933,61.762,1400.0,
177,True,0,2.611861,2.763782300999992,62.3,1400.0,
178,True,0,2.5582,2.709918033999884,61.762,1400.0,
179,True,0,2.456067,2.6091782910000347,62.3,1400.0,
180,True,0,2.56739,2.719418635000011,62.3,1400.0,
181,True,0,2.65779,2.8128950550001264,62.3,1400.0,
182,True,0,2.566873,2.7203731069998867,62.3,1400.0,
183,True,0,2.671117,2.82318310200003,61.224,1400.0,
184,True,0,2.407423,2.5600924419998137,62.3,1400.0,
185,True,0,2.690581,2.842632796999851,62.3,1400.0,
186,True,0,2.453968,2.605856145999951,62.3,1400.0,
187,True,0,2.658556,2.8106512949998432,61.762,1400.0,
188,True,0,2.40381,2.5563450460001604,62.3,1400.0,
189,True,0,2.384994,2.537608936999959,62.3,1400.0,
190,True,0,2.451178,2.6103219100000388,62.3,1400.0,
191,True,0,2.529613,2.6812204079999447,61.762,1400.0,
192,True,0,2.399703,2.5528696279998258,61.762,1400.0,
193,True,0,2.690095,2.844051889999946,61.224,1400.0,
194,True,0,2.302341,2.4592134639999585,62.3,1400.0,
195,True,0,2.539868,2.692075167999974,62.3,1400.0,
196,True,0,2.363327,2.517681517000028,61.224,1400.0,
197,True,0,2.560616,2.714907045000018,62.3,1400.0,
198,True,0,2.450902,2.6031135240000367,62.3,1400.0,
199,True,0,2.653169,2.806089977000056,61.762,1400.0,
200,True,0,2.363449,2.5182695810001405,61.762,1400.0,
201,True,0,2.287479,2.439225055000179,61.762,1400.0,
202,True,0,2.726973,2.87869549800007,61.762,1400.0,
203,True,0,2.558716,2.7129067769999438,62.3,1400.0,
204,True,0,2.655608,2.8114352689999578,61.224,1400.0,
205,True,0,2.658703,2.813521563999984,62.838,1400.0,
206,True,0,2.686723,2.8393530719999944,62.3,1400.0,
207,True,0,2.483429,2.6365792710000733,62.3,1400.0,
208,True,0,2.197025,2.3489877310000793,62.3,1400.0,
209,True,0,2.653431,2.8068604250001954,62.838,1400.0,
210,True,0,2.398352,2.5520176709999305,61.762,1400.0,
211,True,0,2.702296,2.855476101000022,62.3,1400.0,
212,True,0,2.360311,2.51457764099996,61.762,1400.0,
213,True,0,2.725854,2.877775374000066,62.3,1400.0,
214,True,0,2.597731,2.748991525999827,62.3,1400.0,
215,True,0,2.692481,2.8517992270001287,62.3,1400.0,
216,True,0,2.620098,2.779338022000047,62.3,1400.0,
217,True,0,2.3239,2.477976875999957,61.762,1400.0,
218,True,0,2.612596,2.764862163000089,62.3,1400.0,
219,True,0,2.278014,2.429858066999941,62.3,1400.0,
220,True,0,2.158115,2.3100438889998713,62.3,1400.0,
221,True,0,2.514736,2.6686010050000277,62.3,1400.0,
222,True,0,2.520983,2.672631203000037,62.3,1400.0,
223,True,0,2.569659,2.721554590000096,62.3,1400.0,
224,True,0,2.76163,2.9151190800000677,62.3,1400.0,
225,True,0,2.662893,2.816127877999861,61.762,1400.0,
226,True,0,2.492512,2.6443040169999676,62.3,1400.0,
227,True,0,2.676343,2.8337790359998962,62.3,1400.0,
228,True,0,2.368622,2.5218824470000527,61.762,1400.0,
229,True,0,2.334695,2.487031112000068,61.762,1400.0,
230,True,0,2.571607,2.72314988800008,62.3,1400.0,
231,True,0,2.532734,2.686432047000153,62.3,1400.0,
232,True,0,2.440858,2.5926887509999688,62.3,1400.0,
233,True,0,2.275718,2.427492637000114,62.3,1400.0,
234,True,0,2.522743,2.673527955999816,62.3,1400.0,
235,True,0,2.521532,2.6756953449998946,62.3,1400.0,
236,True,0,2.528215,2.680387989999872,62.3,1400.0,
237,True,0,2.344798,2.4979369640000186,62.3,1400.0,
238,True,0,2.627844,2.7817580359999283,62.3,1400.0,
239,True,0,2.518314,2.670570610999903,62.3,1400.0,
240,True,0,2.566203,2.7199521729999105,62.3,1400.0,
241,True,0,2.659661,2.8116071360000205,62.3,1400.0,
242,True,0,2.508868,2.6605916699998033,62.3,1400.0,
243,True,0,2.436279,2.5881825490000665,61.762,1400.0,
244,True,0,2.484357,2.635808594000082,62.3,1400.0,
245,True,0,2.400757,2.553868348000151,62.3,1400.0,
246,True,0,2.440681,2.5931401919999644,62.3,1400.0,
247,True,0,2.435888,2.590179154999987,62.3,1400.0,
248,True,0,2.605758,2.760538120000092,62.3,1400.0,
249,True,0,2.394753,2.5495167910000873,62.3,1400.0,
250,True,0,2.559991,2.7117085840000072,62.3,1400.0,
251,True,0,2.408713,2.5603961409999556,61.762,1400.0,
252,True,0,2.649449,2.801619695999989,62.3,1400.0,
253,True,0,2.518207,2.6716797589999715,61.224,1400.0,
254,True,0,2.573298,2.7275649529999555,62.3,1400.0,
255,True,0,2.566816,2.7190321049999966,62.3,1400.0,
256,True,0,2.410336,2.562317016999941,62.3,1400.0,
257,True,0,2.491106,2.6429145019999396,61.762,1400.0,
258,True,0,2.444451,2.5978956370001924,62.838,1400.0,
259,True,0,2.612472,2.7652481500001613,62.3,1400.0,
260,True,0,2.610419,2.7628363829999216,62.3,1400.0,
261,True,0,2.683328,2.8368682049999734,62.3,1400.0,
262,True,0,2.144648,2.3005159979998098,62.3,1400.0,
263,True,0,2.528087,2.6839700880000237,62.3,1400.0,
264,True,0,2.531447,2.684358470999996,62.3,1400.0,
265,True,0,2.678468,2.8299765490000937,62.3,1400.0,
266,True,0,2.605176,2.7600553929999023,62.3,1400.0,
267,True,0,2.52845,2.6796895710001536,62.3,1400.0,
268,True,0,2.483368,2.6363327859999117,62.3,1400.0,
269,True,0,2.528892,2.68202685700021,62.3,1400.0,
270,True,0,2.692238,2.8459521350000614,62.3,1400.0,
271,True,0,2.411042,2.5672874090000732,62.3,1400.0,
272,True,0,2.436936,2.590348504999838,62.838,1400.0,
273,True,0,2.624121,2.776851496000063,62.3,1400.0,
274,True,0,2.199558,2.3545293650001895,62.3,1400.0,
275,True,0,2.600049,2.75225857800001,62.3,1400.0,
276,True,0,2.325257,2.4779600409999603,62.3,1400.0,
277,True,0,2.62428,2.777272585999981,62.3,1400.0,
278,True,0,2.417952,2.569833438999922,62.3,1400.0,
279,True,0,2.526668,2.6788991450000594,62.3,1400.0,
280,True,0,2.574911,2.7293431010000404,62.3,1400.0,
281,True,0,2.535498,2.6895458930000586,62.838,1400.0,
282,True,0,2.687239,2.838362140999834,62.838,1400.0,
283,True,0,2.422165,2.5747883730000467,61.762,1400.0,
284,True,0,2.436396,2.589195737999944,62.3,1400.0,
285,True,0,2.65079,2.8061875699997927,62.3,1400.0,
286,True,0,2.332242,2.4848782480000864,62.3,1400.0,
287,True,0,2.595814,2.7507814880000296,62.3,1400.0,
288,True,0,2.484376,2.6369416229999842,62.3,1400.0,
289,True,0,2.72633,2.8788591330001054,62.3,1400.0,
290,True,0,2.62552,2.7812433479998617,62.3,1400.0,
291,True,0,2.525696,2.6847260509998705,62.3,1400.0,
292,True,0,2.645722,2.7993408600000294,62.838,1400.0,
293,True,0,2.69433,2.845517740999867,62.3,1400.0,
294,True,0,2.490254,2.6433937930000866,62.3,1400.0,
295,True,0,2.523009,2.6754491400001825,62.3,1400.0,
296,True,0,2.651973,2.8029000169999563,61.224,1400.0,
297,True,0,2.484953,2.6384869260000414,62.3,1400.0,
298,True,0,2.588308,2.739632283999981,62.3,1400.0,
299,True,0,2.619604,2.771435601999883,62.3,1400.0,
300,True,0,2.438224,2.5911156700001357,62.3,1400.0,
301,True,0,2.476593,2.631229593999933,61.762,1400.0,
302,True,0,2.77963,2.9347677020000447,62.3,1400.0,
303,True,0,2.478013,2.631500112999902,62.3,1400.0,
304,True,0,2.68312,2.8361761390001448,62.3,1400.0,
305,True,0,2.313544,2.4688220189998447,62.3,1400.0,
306,True,0,2.425462,2.5796425650000856,62.3,1400.0,
307,True,0,2.603823,2.7552672449999136,63.376,1400.0,
308,True,0,2.651456,2.8044040150000455,62.838,1400.0,
309,True,0,2.571917,2.7246490269999413,62.3,1400.0,
310,True,0,2.49511,2.6488598640000873,62.3,1400.0,
311,True,0,2.61395,2.768064246999984,62.3,1400.0,
312,True,0,2.495837,2.6515210560000924,62.838,1400.0,
313,True,0,2.513357,2.6652369629998702,62.3,1400.0,
314,True,0,2.559567,2.7146151389999886,62.3,1400.0,
315,True,0,2.681799,2.8338517610000054,62.3,1400.0,
316,True,0,2.514364,2.666884613999855,62.3,1400.0,
317,True,0,2.521897,2.6786704740000005,62.3,1400.0,
318,True,0,2.620033,2.774196261000043,62.838,1400.0,
319,True,0,2.602024,2.7546957810000094,62.3,1400.0,
320,True,0,2.687471,2.843130957000085,62.3,1400.0,
321,True,0,2.783365,2.9374936209999305,62.3,1400.0,
322,True,0,2.486493,2.640503833999901,62.3,1400.0,
323,True,0,2.69123,2.845019389000072,62.3,1400.0,
324,True,0,2.611482,2.7638406019998456,62.3,1400.0,
325,True,0,2.568313,2.7226998560001903,62.3,1400.0,
326,True,0,2.568173,2.720530589000191,62.3,1400.0,
327,True,0,2.418574,2.572070487000019,62.838,1400.0,
328,True,0,2.729191,2.8825224840002193,62.3,1400.0,
329,True,0,2.520287,2.671642930999951,62.3,1400.0,
330,True,0,2.688632,2.8412256430001435,61.762,1400.0,
331,True,0,2.55389,2.7052173889999267,62.3,1400.0,
332,True,0,2.486758,2.64092038900003,62.3,1400.0,
333,True,0,2.480146,2.6350502459999916,61.762,1400.0,
334,True,0,2.569793,2.7229052150000825,62.3,1400.0,
335,True,0,2.603319,2.7570158190001166,62.838,1400.0,
336,True,0,2.683442,2.8379297619999306,61.762,1400.0,
337,True,0,2.324674,2.477368910999985,62.838,1400.0,
338,True,0,2.442229,2.594042414000114,62.3,1400.0,
339,True,0,2.447239,2.599316413000224,62.3,1400.0,
340,True,0,2.523715,2.6795531169998412,62.3,1400.0,
341,True,0,2.744035,2.8994195239999954,62.3,1400.0,
342,True,0,2.647018,2.799647026999992,62.838,1400.0,
343,True,0,2.513798,2.666172935000077,62.838,1400.0,
344,True,0,2.56718,2.7197093830000085,62.3,1400.0,
345,True,0,2.702069,2.85798372499994,62.3,1400.0,
346,True,0,2.581386,2.7347064350001347,62.3,1400.0,
347,True,0,2.365442,2.520128295999939,62.3,1400.0,
348,True,0,2.319076,2.4707151200000226,62.3,1400.0,
349,True,0,2.434305,2.5872518509997917,62.838,1400.0,
350,True,0,2.731228,2.8874453800001447,62.3,1400.0,
351,True,0,2.643798,2.7992510349999975,62.3,1400.0,
352,True,0,2.519974,2.673390520999874,62.838,1400.0,
353,True,0,2.484675,2.637789971000302,62.3,1400.0,
354,True,0,2.2426,2.399289071000112,62.3,1400.0,
355,True,0,2.711928,2.8645022489999974,62.3,1400.0,
356,True,0,2.57674,2.730717845000072,62.838,1400.0,
357,True,0,2.603842,2.7557046540000556,62.3,1400.0,
358,True,0,2.567038,2.7190453700000035,62.3,1400.0,
359,True,0,2.724067,2.876941305999935,62.3,1400.0,
360,True,0,2.479489,2.632606060999933,62.3,1400.0,
361,True,0,2.654101,2.8065289609999127,62.3,1400.0,
362,True,0,2.611716,2.766204970000217,63.376,1400.0,
363,True,0,2.526618,2.6785014050001337,62.3,1400.0,
364,True,0,2.479588,2.6333333550001043,62.838,1400.0,
365,True,0,2.567853,2.722157776000131,62.3,1400.0,
366,True,0,2.608798,2.7630599099998108,62.3,1400.0,
367,True,0,2.399728,2.5524458730001243,62.838,1400.0,
368,True,0,2.529522,2.6839224690002084,62.3,1400.0,
369,True,0,2.681695,2.8350304309997227,62.3,1400.0,
370,True,0,2.461168,2.6137129540002206,62.3,1400.0,
371,True,0,2.659109,2.810613611000008,62.3,1400.0,
372,True,0,2.687355,2.839053801999853,62.3,1400.0,
373,True,0,2.625675,2.779578293999748,62.838,1400.0,
374,True,0,2.635768,2.7878199799997674,62.838,1400.0,
375,True,0,2.56441,2.7189792070003023,62.3,1400.0,
376,True,0,2.478119,2.631977382000059,62.838,1400.0,
377,True,0,2.404871,2.55914265399997,62.3,1400.0,
378,True,0,2.61222,2.7651750199997878,62.838,1400.0,
379,True,0,2.608271,2.761906073999853,62.838,1400.0,
380,True,0,2.647687,2.801453824999953,62.3,1400.0,
381,True,0,2.636216,2.7888323709998986,62.3,1400.0,
382,True,0,2.659784,2.8138790170000902,62.3,1400.0,
383,True,0,2.603281,2.756690345000152,62.838,1400.0,
384,True,0,2.436658,2.594324727000185,62.3,1400.0,
385,True,0,2.406184,2.558888211000067,62.3,1400.0,
386,True,0,2.5621,2.7127708870002607,61.762,1400.0,
387,True,0,2.55538,2.707659910000075,62.3,1400.0,
388,True,0,2.324259,2.476154987999962,62.3,1400.0,
389,True,0,2.722454,2.8748600019998776,62.3,1400.0,
390,True,0,2.501903,2.6566612859996894,62.3,1400.0,
391,True,0,2.561961,2.7169214450000254,62.3,1400.0,
392,True,0,2.494403,2.6471851730002527,62.3,1400.0,
393,True,0,2.609805,2.7654278639997756,62.3,1400.0,
394,True,0,2.306128,2.4607476569999562,62.3,1400.0,
395,True,0,2.237607,2.388925142000062,62.3,1400.0,
396,True,0,2.697992,2.849701719999757,62.3,1400.0,
397,True,0,2.570725,2.723688750999827,62.3,1400.0,
398,True,0,2.727977,2.8812326540000868,62.838,1400.0,
399,True,0,2.619186,2.7740637609999794,62.3,1400.0,
400,True,0,2.820495,2.9735320530003264,62.3,1400.0,
401,True,0,2.589593,2.7440872160000254,62.3,1400.0,
402,True,0,2.445993,2.5972897189999458,62.838,1400.0,
403,True,0,2.661475,2.8136342669999976,62.3,1400.0,
404,True,0,2.546483,2.700062151000111,62.3,1400.0,
405,True,0,2.565072,2.7181883759999437,62.3,1400.0,
406,True,0,2.616692,2.769338521999998,62.3,1400.0,
407,True,0,2.532703,2.6845425180003986,62.838,1400.0,
408,True,0,2.620227,2.772422885999731,62.3,1400.0,
409,True,0,2.52921,2.680153754999992,62.3,1400.0,
410,True,0,2.318113,2.4697748439998577,62.3,1400.0,
411,True,0,2.521399,2.6742245280001953,62.3,1400.0,
412,True,0,2.567109,2.7192769619996398,62.3,1400.0,
413,True,0,2.609328,2.761960331999944,62.3,1400.0,
414,True,0,2.440888,2.5946382649999578,62.3,1400.0,
415,True,0,2.455008,2.6075061060000735,62.3,1400.0,
416,True,0,2.486838,2.6404919740002697,62.3,1400.0,
417,True,0,2.393041,2.54771473000028,62.3,1400.0,
418,True,0,2.694675,2.8466747379998196,62.838,1400.0,
419,True,0,2.430066,2.584794163999959,62.3,1400.0,
420,True,0,2.52793,2.6802921309999874,62.3,1400.0,
421,True,0,2.563665,2.7167303930000344,62.838,1400.0,
422,True,0,2.436209,2.589294864000294,62.3,1400.0,
423,True,0,2.330815,2.483733458000188,62.838,1400.0,
424,True,0,2.395684,2.5499756369999886,63.376,1400.0,
425,True,0,2.486519,2.6407738590000918,62.838,1400.0,
426,True,0,2.386302,2.5404308959996342,62.3,1400.0,
427,True,0,2.645198,2.796822325999983,62.838,1400.0,
428,True,0,2.613329,2.7662247899997965,62.3,1400.0,
429,True,0,2.47517,2.627048904000276,62.3,1400.0,
430,True,0,2.64405,2.7959849469998517,62.3,1400.0,
431,True,0,2.540582,2.7095962050002527,62.3,1400.0,
432,True,0,2.52719,2.6830433089999133,62.3,1400.0,
433,True,0,2.405053,2.557829828999729,62.3,1400.0,
434,True,0,2.594471,2.7500306080000883,62.3,1400.0,
435,True,0,2.489966,2.644520672999988,62.3,1400.0,
436,True,0,2.692437,2.8474150419997386,62.3,1400.0,
437,True,0,2.493459,2.6447855159999563,62.3,1400.0,
438,True,0,2.523749,2.6784436170000845,62.838,1400.0,
439,True,0,2.572442,2.7241514590000406,62.838,1400.0,
440,True,0,2.850208,3.0017633759998716,62.838,1400.0,
441,True,0,2.569547,2.722640882000178,62.3,1400.0,
442,True,0,2.563479,2.71650653100005,62.838,1400.0,
443,True,0,2.574828,2.7276452030000655,62.3,1400.0,
444,True,0,2.492438,2.645828874000017,62.3,1400.0,
445,True,0,2.738808,2.8911882789998344,62.3,1400.0,
446,True,0,2.355967,2.509030800000346,62.3,1400.0,
447,True,0,2.63873,2.7907400479998614,62.838,1400.0,
448,True,0,2.477153,2.632521170000018,62.3,1400.0,
449,True,0,2.370802,2.5236346890001187,63.376,1400.0,
450,True,0,2.400584,2.5541328439999234,62.3,1400.0,
451,True,0,2.355772,2.512541729000077,62.3,1400.0,
452,True,0,2.563884,2.718166280999867,62.3,1400.0,
453,True,0,2.605783,2.7572417219998897,62.838,1400.0,
454,True,0,2.512949,2.667442119000043,62.3,1400.0,
455,True,0,2.525528,2.678716366000117,62.838,1400.0,
456,True,0,2.607191,2.760720709999987,62.838,1400.0,
457,True,0,2.51945,2.671327619999829,62.838,1400.0,
458,True,0,2.477635,2.630568121000124,62.3,1400.0,
459,True,0,2.656674,2.8122253189999356,62.3,1400.0,
460,True,0,2.602752,2.754562851999708,62.3,1400.0,
461,True,0,2.690768,2.8470089080001344,62.3,1400.0,
462,True,0,2.328047,2.4821038820000467,62.3,1400.0,
463,True,0,2.530713,2.6815986250003334,62.3,1400.0,
464,True,0,2.572793,2.727487604000089,62.838,1400.0,
465,True,0,2.517532,2.670959621000293,62.838,1400.0,
466,True,0,2.513322,2.6666297039996607,62.838,1400.0,
467,True,0,2.683169,2.83643621300007,62.3,1400.0,
468,True,0,2.65505,2.807500307999817,62.3,1400.0,
469,True,0,2.60163,2.7550370649996694,62.3,1400.0,
470,True,0,2.608379,2.760741154000243,62.3,1400.0,
471,True,0,2.610552,2.763728004999848,62.3,1400.0,
472,True,0,2.641076,2.795959850000145,62.838,1400.0,
473,True,0,2.490844,2.642956267000045,62.3,1400.0,
474,True,0,2.598527,2.751857470000232,62.3,1400.0,
475,True,0,2.720228,2.8757612189997417,62.3,1400.0,
476,True,0,2.562562,2.716530038000201,62.3,1400.0,
477,True,0,2.643136,2.7951882760003173,62.3,1400.0,
478,True,0,2.64573,2.7988585640000565,62.838,1400.0,
479,True,0,2.349354,2.5050126870000895,62.838,1400.0,
480,True,0,2.445034,2.5976141520000056,62.838,1400.0,
481,True,0,2.638397,2.7899320440001247,62.3,1400.0,
482,True,0,2.614294,2.768023381999683,62.838,1400.0,
483,True,0,2.450183,2.602697005000209,62.838,1400.0,
484,True,0,2.476836,2.6328309340001397,62.838,1400.0,
485,True,0,2.438858,2.591965043000073,62.838,1400.0,
486,True,0,2.556286,2.709154411000327,62.838,1400.0,
487,True,0,2.53879,2.6909863760001826,63.376,1400.0,
488,True,0,2.689343,2.8409140110002227,62.3,1400.0,
489,True,0,2.582486,2.739316108999901,62.3,1400.0,
490,True,0,2.478855,2.633348574000138,62.838,1400.0,
491,True,0,2.227048,2.380672712999967,63.376,1400.0,
492,True,0,2.528552,2.6813168009998662,62.3,1400.0,
493,True,0,2.32871,2.48434555599988,62.3,1400.0,
494,True,0,2.555086,2.71368799999982,62.3,1400.0,
495,True,0,2.687348,2.8419677719998617,63.376,1400.0,
496,True,0,2.28001,2.437847083000179,62.3,1400.0,
497,True,0,2.36603,2.520345365999674,62.3,1400.0,
498,True,0,2.297516,2.4516662119999637,62.838,1400.0,
499,True,0,2.45356,2.6064285249999557,62.3,1400.0,
500,True,0,2.523949,2.6765192579996437,62.838,1400.0,
501,True,0,2.568203,2.7223163019998537,62.3,1400.0,
502,True,0,2.607809,2.7628800660004345,62.3,1400.0,
503,True,0,2.730132,2.8846851990001596,62.3,1400.0,
504,True,0,2.700495,2.854299514000104,62.838,1400.0,
505,True,0,2.528181,2.6817524919997595,62.3,1400.0,
506,True,0,2.448076,2.5998080340000342,63.376,1400.0,
507,True,0,2.512931,2.665534598999784,62.838,1400.0,
508,True,0,2.519195,2.6712176519999957,62.838,1400.0,
509,True,0,2.470857,2.623301146999893,62.838,1400.0,
510,True,0,2.594423,2.7480339300000196,62.838,1400.0,
511,True,0,2.437101,2.590302846999748,62.3,1400.0,
512,True,0,2.321003,2.472765965000235,62.3,1400.0,
513,True,0,2.539359,2.6920516670002144,62.3,1400.0,
514,True,0,2.526995,2.680507228999886,62.3,1400.0,
515,True,0,2.737611,2.8899824109998917,62.3,1400.0,
516,True,0,2.521044,2.673140893999971,62.3,1400.0,
517,True,0,2.570392,2.7254857960001573,62.3,1400.0,
518,True,0,2.489123,2.641100981999898,62.838,1400.0,
519,True,0,2.553926,2.7070473339999808,62.3,1400.0,
520,True,0,2.76245,2.91564777099984,63.376,1400.0,
521,True,0,2.614158,2.766005337000024,62.3,1400.0,
522,True,0,2.447671,2.5994179159997657,62.3,1400.0,
523,True,0,2.405215,2.5567519360001825,62.3,1400.0,
524,True,0,2.64405,2.7979875060000268,62.3,1400.0,
525,True,0,2.48784,2.6410760720000326,62.3,1400.0,
526,True,0,2.473956,2.6275939810002455,62.3,1400.0,
527,True,0,2.435138,2.587682322999626,62.3,1400.0,
528,True,0,2.646576,2.80273582000018,62.838,1400.0,
529,True,0,2.6437,2.7963426810001693,62.3,1400.0,
530,True,0,2.649159,2.8009446910000406,63.376,1400.0,
531,True,0,2.68738,2.8400003269998706,62.3,1400.0,
532,True,0,2.559742,2.727589911999985,62.838,1400.0,
533,True,0,2.40694,2.5590084949999437,62.3,1400.0,
534,True,0,2.558991,2.7133844200002386,62.3,1400.0,
535,True,0,2.319864,2.475646854000388,62.3,1400.0,
536,True,0,2.525568,2.681403213000067,62.3,1400.0,
537,True,0,2.627126,2.7798682360003113,62.3,1400.0,
538,True,0,2.636599,2.788923733000047,62.3,1400.0,
539,True,0,2.538654,2.690747846999784,62.838,1400.0,
540,True,0,2.584245,2.7366945179996947,62.838,1400.0,
541,True,0,2.526745,2.6806197500000053,62.838,1400.0,
542,True,0,2.570948,2.7233674130002328,62.838,1400.0,
543,True,0,2.593844,2.748143005000202,63.376,1400.0,
544,True,0,2.549237,2.7008806789999653,62.3,1400.0,
545,True,0,2.401596,2.5557753509997383,62.838,1400.0,
546,True,0,2.270721,2.4242859030000545,62.3,1400.0,
547,True,0,2.739795,2.8942970570001307,62.838,1400.0,
548,True,0,2.252059,2.404294743999799,63.376,1400.0,
549,True,0,2.742261,2.898670511000091,63.376,1400.0,
550,True,0,2.59726,2.7525877399998535,62.838,1400.0,
551,True,0,2.771742,2.9239986370002953,62.838,1400.0,
552,True,0,2.643301,2.796664184999827,62.3,1400.0,
553,True,0,2.648423,2.800870051000402,62.838,1400.0,
554,True,0,2.440864,2.5936546740003905,62.3,1400.0,
555,True,0,2.28251,2.4348806180000793,62.3,1400.0,
556,True,0,2.567144,2.7191073109997888,62.3,1400.0,
557,True,0,2.527336,2.680564253999819,62.3,1400.0,
558,True,0,2.40909,2.562397874999988,62.838,1400.0,
559,True,0,2.524451,2.6860638579996703,62.3,1400.0,
560,True,0,2.476591,2.629910504000236,62.3,1400.0,
561,True,0,2.332589,2.4875022719998015,62.838,1400.0,
562,True,0,2.558018,2.712615827999798,62.838,1400.0,
563,True,0,2.485686,2.637717541999791,62.838,1400.0,
564,True,0,2.646704,2.802286871999968,63.376,1400.0,
565,True,0,2.477704,2.629464396000003,62.3,1400.0,
566,True,0,2.633348,2.7860432119996403,62.3,1400.0,
567,True,0,2.786947,2.9408587439997973,63.376,1400.0,
568,True,0,2.815896,2.968001727000228,63.376,1400.0,
569,True,0,2.565887,2.7227056159999847,62.3,1400.0,
570,True,0,2.565845,2.7183226890001606,62.838,1400.0,
571,True,0,2.603337,2.7565328529999533,62.838,1400.0,
572,True,0,2.684058,2.8384830810000494,62.3,1400.0,
573,True,0,2.522018,2.6745744059999197,62.838,1400.0,
574,True,0,2.48867,2.6419916610002474,62.838,1400.0,
575,True,0,2.700488,2.8528418810001313,62.838,1400.0,
576,True,0,2.523725,2.67671665700027,62.3,1400.0,
577,True,0,2.606143,2.7576140720002513,62.838,1400.0,
578,True,0,2.408329,2.560625849000189,63.376,1400.0,
579,True,0,2.526157,2.679492084999765,62.838,1400.0,
580,True,0,2.289315,2.4427699419998135,62.838,1400.0,
581,True,0,2.521929,2.6780186780001713,62.3,1400.0,
582,True,0,2.356519,2.512914439999804,62.3,1400.0,
583,True,0,2.525513,2.6792466209999475,62.838,1400.0,
584,True,0,2.362208,2.515868531000251,62.838,1400.0,
585,True,0,2.647817,2.8012913299999127,62.3,1400.0,
586,True,0,2.561865,2.715162228999816,63.376,1400.0,
587,True,0,2.730775,2.884099767999942,62.3,1400.0,
588,True,0,2.571981,2.7247989659999803,62.838,1400.0,
589,True,0,2.694559,2.8470383690000745,62.838,1400.0,
590,True,0,2.60494,2.7598232299997107,62.3,1400.0,
591,True,0,2.240129,2.3922344010002234,62.838,1400.0,
592,True,0,2.644189,2.798528952000197,63.376,1400.0,
593,True,0,2.605572,2.7577474680001615,62.3,1400.0,
594,True,0,2.629256,2.782223576999968,62.3,1400.0,
595,True,0,2.587919,2.7400663140001598,62.838,1400.0,
596,True,0,2.625954,2.7784382959998766,62.838,1400.0,
597,True,0,2.563539,2.718069904999993,62.838,1400.0,
598,True,0,2.525656,2.6789255580001736,62.838,1400.0,
599,True,0,2.556479,2.7103415569999925,62.3,1400.0,
600,True,0,2.566805,2.720784243000253,62.838,1400.0,
601,True,0,2.524739,2.6782372420002503,63.376,1400.0,
602,True,0,2.495461,2.6489865839998856,62.3,1400.0,
603,True,0,2.610041,2.7645071349998034,63.376,1400.0,
604,True,0,2.399702,2.550746922000144,62.3,1400.0,
605,True,0,2.397322,2.5503462870001385,62.838,1400.0,
606,True,0,2.361167,2.513037876999988,62.838,1400.0,
607,True,0,2.641432,2.7938268539996898,62.838,1400.0,
608,True,0,2.699338,2.8513424070001747,62.3,1400.0,
609,True,0,2.562342,2.7134204019998833,62.838,1400.0,
610,True,0,2.635831,2.7895427079997717,62.3,1400.0,
611,True,0,2.327775,2.4802640579996478,63.376,1400.0,
612,True,0,2.72861,2.8827495169998656,62.838,1400.0,
613,True,0,2.603551,2.756954270999813,63.376,1400.0,
614,True,0,2.482475,2.6343793360001655,62.838,1400.0,
615,True,0,2.522129,2.6731377759997486,62.3,1400.0,
616,True,0,2.609178,2.761016423000001,62.838,1400.0,
617,True,0,2.560936,2.71343323300016,62.838,1400.0,
618,True,0,2.284398,2.436219714999879,62.3,1400.0,
619,True,0,2.47316,2.626776847000201,62.3,1400.0,
620,True,0,2.517107,2.669232208000267,62.838,1400.0,
621,True,0,2.27807,2.430314434000138,62.838,1400.0,
622,True,0,2.515135,2.6697805219996553,62.3,1400.0,
623,True,0,2.594603,2.7482191779999994,63.376,1400.0,
624,True,0,2.520912,2.6754133609997552,63.376,1400.0,
625,True,0,2.662127,2.818538143999831,63.376,1400.0,
626,True,0,2.571811,2.727324168999985,62.3,1400.0,
627,True,0,2.704627,2.860147295999923,62.3,1400.0,
628,True,0,2.534534,2.6918584059999375,62.3,1400.0,
629,True,0,2.421677,2.574177381000027,62.838,1400.0,
630,True,0,2.58234,2.734954382000069,62.3,1400.0,
631,True,0,2.32141,2.474364243999844,63.376,1400.0,
632,True,0,2.503561,2.6562297629998284,62.3,1400.0,
633,True,0,2.561141,2.713648023999667,62.3,1400.0,
634,True,0,2.569163,2.7249502399999983,62.838,1400.0,
635,True,0,2.620777,2.7722472609998476,62.838,1400.0,
636,True,0,2.239995,2.3936176779998277,62.3,1400.0,
637,True,0,2.737163,2.8887696110000434,62.838,1400.0,
638,True,0,2.656676,2.812575571999787,62.3,1400.0,
639,True,0,2.645536,2.804331508999894,62.3,1400.0,
640,True,0,2.750751,2.9085860680002042,62.838,1400.0,
641,True,0,2.488629,2.6455108370000744,63.376,1400.0,
642,True,0,2.124629,2.289968735000002,64.452,1400.0,
643,True,0,2.675782,2.8432316879998325,63.914,1400.0,
644,True,0,2.620375,2.780553677000171,63.376,1400.0,
645,True,0,2.323247,2.4747592290000284,63.376,1400.0,
646,True,0,2.322837,2.4775180209999235,63.376,1400.0,
647,True,0,2.512166,2.668962373999875,63.376,1400.0,
648,True,0,2.522822,2.6744213689999015,63.376,1400.0,
649,True,0,2.654243,2.8080416210000294,62.838,1400.0,
650,True,0,2.358766,2.5172108060000937,63.376,1400.0,
651,True,0,2.603471,2.7550530720000097,62.838,1400.0,
652,True,0,2.47225,2.624675924999792,63.376,1400.0,
653,True,0,2.399411,2.5525794909999604,63.376,1400.0,
654,True,0,2.647553,2.801352366000174,63.376,1400.0,
655,True,0,2.652404,2.8054781850000836,63.376,1400.0,
656,True,0,2.437903,2.592401554999924,63.376,1400.0,
657,True,0,2.45197,2.604024501999902,62.838,1400.0,
658,True,0,2.593663,2.746855052999763,63.376,1400.0,
659,True,0,2.525077,2.681147466999846,62.838,1400.0,
660,True,0,2.558369,2.711458671999935,62.838,1400.0,
661,True,0,2.599696,2.752352260999942,62.838,1400.0,
662,True,0,2.572611,2.7268508769998334,62.838,1400.0,
663,True,0,2.612539,2.770076023999991,62.838,1400.0,
664,True,0,2.484575,2.6386155499999404,62.838,1400.0,
665,True,0,2.575075,2.730905273999724,62.3,1400.0,
666,True,0,2.565226,2.7215839740001684,63.376,1400.0,
667,True,0,2.437247,2.590135793999707,62.838,1400.0,
668,True,0,2.690372,2.8437331840000297,62.838,1400.0,
669,True,0,2.312758,2.4660942119999163,62.838,1400.0,
670,True,0,2.528854,2.6816745649998666,62.838,1400.0,
671,True,0,2.568884,2.722229768000034,62.838,1400.0,
672,True,0,2.366599,2.5189026680000097,63.376,1400.0,
673,True,0,2.768753,2.9227359629999228,62.838,1400.0,
674,True,0,2.414147,2.56893040299974,62.3,1400.0,
675,True,0,2.307904,2.462003915000423,63.376,1400.0,
676,True,0,2.470394,2.625199069000246,63.376,1400.0,
677,True,0,2.481538,2.637470193000354,63.376,1400.0,
678,True,0,2.482271,2.635182323999743,63.376,1400.0,
679,True,0,2.526678,2.6806544479995864,62.838,1400.0,
680,True,0,2.691498,2.8439088170002833,62.838,1400.0,
681,True,0,2.567487,2.7199976639999477,62.3,1400.0,
682,True,0,2.560084,2.7148737570000776,62.3,1400.0,
683,True,0,2.857059,3.0112110820000453,63.376,1400.0,
684,True,0,2.737889,2.8900278940000135,62.838,1400.0,
685,True,0,2.522411,2.680501016999642,62.838,1400.0,
686,True,0,2.533392,2.6889299049998954,63.376,1400.0,
687,True,0,2.562872,2.7153155409996543,63.376,1400.0,
688,True,0,2.528546,2.6840321360000416,62.3,1400.0,
689,True,0,2.155859,2.3088857879997704,63.376,1400.0,
690,True,0,2.488588,2.641257907999716,62.3,1400.0,
691,True,0,2.440825,2.5949115020002864,63.376,1400.0,
692,True,0,2.614761,2.769527258999915,62.3,1400.0,
693,True,0,2.601294,2.7533759710004233,62.3,1400.0,
694,True,0,2.32339,2.482961054000043,62.838,1400.0,
695,True,0,2.555354,2.7068434140001045,62.3,1400.0,
696,True,0,2.807209,2.959020421999867,62.838,1400.0,
697,True,0,2.554138,2.705607984999915,62.838,1400.0,
698,True,0,2.53651,2.6897779460000493,62.838,1400.0,
699,True,0,2.542156,2.695924076999745,63.376,1400.0,
700,True,0,2.496119,2.648943663999944,63.376,1400.0,
701,True,0,2.593329,2.745764883999982,63.376,1400.0,
702,True,0,2.782852,2.9411571719997482,63.376,1400.0,
703,True,0,2.262067,2.4157168679998904,62.838,1400.0,
704,True,0,2.522325,2.6748342290002256,63.376,1400.0,
705,True,0,2.620442,2.7723957589996644,62.838,1400.0,
706,True,0,2.567993,2.7197409259997585,63.376,1400.0,
707,True,0,2.682106,2.8357611819997146,62.838,1400.0,
708,True,0,2.562187,2.7149800339998365,62.838,1400.0,
709,True,0,2.40326,2.555519146000279,62.838,1400.0,
710,True,0,2.559318,2.7114469539997117,63.376,1400.0,
711,True,0,2.670378,2.8223823190000985,62.3,1400.0,
712,True,0,2.569366,2.7217788540001493,62.838,1400.0,
713,True,0,2.526439,2.6787567699998363,62.838,1400.0,
714,True,0,2.655645,2.8080178390000583,62.838,1400.0,
715,True,0,2.439025,2.59197327999982,62.838,1400.0,
716,True,0,2.572029,2.7237501270001303,62.838,1400.0,
717,True,0,2.660782,2.8126534909997645,62.3,1400.0,
718,True,0,2.389671,2.5412019780001174,62.838,1400.0,
719,True,0,2.608277,2.763131514000179,62.3,1400.0,
720,True,0,2.658188,2.8086286329998984,63.376,1400.0,
721,True,0,2.510263,2.664263979000225,62.838,1400.0,
722,True,0,2.233118,2.386951955999848,62.838,1400.0,
723,True,0,2.403553,2.556549688999894,62.838,1400.0,
724,True,0,2.697794,2.8504764169997543,63.376,1400.0,
725,True,0,2.441323,2.5981182139998964,62.3,1400.0,
726,True,0,2.293208,2.448847788999956,62.838,1400.0,
727,True,0,2.478088,2.63436065399992,62.3,1400.0,
728,True,0,2.522942,2.6802205330000106,62.3,1400.0,
729,True,0,2.281825,2.4334193050003705,62.838,1400.0,
730,True,0,2.494566,2.6471197349997055,62.838,1400.0,
731,True,0,2.162563,2.316917477000061,62.838,1400.0,
732,True,0,2.415283,2.567285200000242,63.376,1400.0,
733,True,0,2.500142,2.653956794000351,62.3,1400.0,
734,True,0,2.522918,2.677602224000111,62.3,1400.0,
735,True,0,2.241901,2.3942180809999627,62.838,1400.0,
736,True,0,2.683439,2.834981682000034,62.838,1400.0,
737,True,0,2.65671,2.809725824999987,62.3,1400.0,
738,True,0,2.481888,2.6327162749998934,63.376,1400.0,
739,True,0,2.635622,2.789487560999987,63.376,1400.0,
740,True,0,2.237818,2.391066394000063,62.838,1400.0,
741,True,0,2.648728,2.8011814410001534,63.376,1400.0,
742,True,0,2.733297,2.886329179999848,63.376,1400.0,
743,True,0,2.514428,2.6715696830001434,62.838,1400.0,
744,True,0,2.673105,2.826160815000094,63.376,1400.0,
745,True,0,2.531521,2.6854797060000237,62.838,1400.0,
746,True,0,2.481778,2.6344687820001127,63.376,1400.0,
747,True,0,2.596388,2.7495196570002918,62.838,1400.0,
748,True,0,2.593899,2.7485680380000304,63.376,1400.0,
749,True,0,2.197366,2.350642242000049,62.3,1400.0,
750,True,0,2.667617,2.822427245000199,62.3,1400.0,
751,True,0,2.470605,2.6220036710001295,63.376,1400.0,
752,True,0,2.571779,2.7244341449995773,63.376,1400.0,
753,True,0,2.654142,2.8063370439999744,62.3,1400.0,
754,True,0,2.486874,2.64023727599988,62.838,1400.0,
755,True,0,2.639181,2.792903772000045,63.376,1400.0,
756,True,0,2.491858,2.643982520999998,62.838,1400.0,
757,True,0,2.570829,2.7241433909998705,62.838,1400.0,
758,True,0,2.599875,2.752925583999968,63.376,1400.0,
759,True,0,2.532067,2.6842527090002477,63.376,1400.0,
760,True,0,2.524003,2.6766980269999294,62.3,1400.0,
761,True,0,2.49202,2.6435103620001428,62.838,1400.0,
762,True,0,2.450246,2.608712803999879,63.376,1400.0,
763,True,0,2.623138,2.776441463000083,62.838,1400.0,
764,True,0,2.488,2.640134259000206,62.838,1400.0,
765,True,0,2.442631,2.596261297000183,62.838,1400.0,
766,True,0,2.269331,2.42416774000003,62.838,1400.0,
767,True,0,2.408359,2.5619260260000374,62.838,1400.0,
768,True,0,2.691737,2.8436437899999873,63.376,1400.0,
769,True,0,2.490177,2.642298296000263,63.376,1400.0,
770,True,0,2.383106,2.5353770940000686,62.838,1400.0,
771,True,0,2.51963,2.6740105849999054,62.838,1400.0,
772,True,0,2.601288,2.7530572890000258,63.376,1400.0,
773,True,0,2.480104,2.6331247499997517,62.3,1400.0,
774,True,0,2.39789,2.549569451000025,62.838,1400.0,
775,True,0,2.603076,2.754582063000271,62.838,1400.0,
776,True,0,2.472399,2.6270155799998065,62.838,1400.0,
777,True,0,2.621806,2.776040096000088,62.3,1400.0,
778,True,0,2.608714,2.760036938000212,63.376,1400.0,
779,True,0,2.569489,2.7225664669999787,62.3,1400.0,
780,True,0,2.277211,2.4332783469999413,62.838,1400.0,
781,True,0,2.529866,2.685129275000236,62.838,1400.0,
782,True,0,2.571535,2.729448892000164,62.3,1400.0,
783,True,0,2.475197,2.6267511219998596,63.376,1400.0,
784,True,0,2.646615,2.799006332999852,62.838,1400.0,
785,True,0,2.64915,2.8009882010001093,62.3,1400.0,
786,True,0,2.776189,2.9277534769998965,63.376,1400.0,
787,True,0,2.319908,2.4717506059996595,62.838,1400.0,
788,True,0,2.525759,2.678276753999853,62.3,1400.0,
789,True,0,2.646982,2.798720529000093,62.838,1400.0,
790,True,0,2.696503,2.850082272000236,62.838,1400.0,
791,True,0,2.526956,2.6787646059997314,62.838,1400.0,
792,True,0,2.522624,2.6797763190002115,62.838,1400.0,
793,True,0,2.32923,2.487468789000104,63.376,1400.0,
794,True,0,2.410418,2.562162683999759,62.838,1400.0,
795,True,0,2.367187,2.5207206080003743,62.3,1400.0,
796,True,0,2.732106,2.8840302160001556,63.376,1400.0,
797,True,0,2.606349,2.7599673769996116,62.838,1400.0,
798,True,0,2.564678,2.7174950399999034,62.838,1400.0,
799,True,0,2.362307,2.5136668009999994,63.376,1400.0,
800,True,0,2.520798,2.6735700989997895,62.838,1400.0,
801,True,0,2.550053,2.7036145289998785,62.838,1400.0,
802,True,0,2.573882,2.726114438999957,62.838,1400.0,
803,True,0,2.809299,2.963073973000064,62.838,1400.0,
804,True,0,2.484009,2.6373342520000733,62.838,1400.0,
805,True,0,2.618583,2.7711773790001644,62.838,1400.0,
806,True,0,2.69476,2.8468123129996457,62.3,1400.0,
807,True,0,2.280285,2.4311643959999856,62.838,1400.0,
808,True,0,2.531406,2.6844966649996422,62.838,1400.0,
809,True,0,2.488413,2.6400302710003416,62.838,1400.0,
810,True,0,2.680791,2.8326987770001324,63.376,1400.0,
811,True,0,2.352835,2.5052476549999483,62.3,1400.0,
812,True,0,2.812758,2.9654648169998836,62.838,1400.0,
813,True,0,2.559906,2.713056967000284,62.3,1400.0,
814,True,0,2.527057,2.679384879999816,62.838,1400.0,
815,True,0,2.730147,2.882481129000098,62.3,1400.0,
816,True,0,2.685304,2.838074474000223,63.376,1400.0,
817,True,0,2.725791,2.8770298790000197,62.838,1400.0,
818,True,0,2.261381,2.413971677000063,62.3,1400.0,
819,True,0,2.657105,2.8076885720001883,62.838,1400.0,
820,True,0,2.529094,2.68183282300015,62.3,1400.0,
821,True,0,2.687708,2.8392003909998493,62.838,1400.0,
822,True,0,2.563705,2.7171391159999985,63.376,1400.0,
823,True,0,2.523831,2.6763995390001583,62.838,1400.0,
824,True,0,2.274072,2.425476535999678,63.376,1400.0,
825,True,0,2.604853,2.756633367000177,63.376,1400.0,
826,True,0,2.318429,2.470728334999876,63.376,1400.0,
827,True,0,2.355407,2.507473588999801,62.838,1400.0,
828,True,0,2.691484,2.8442362430000685,63.376,1400.0,
829,True,0,2.513546,2.6664219819999744,62.838,1400.0,
830,True,0,2.612879,2.765945315999943,62.838,1400.0,
831,True,0,1.994934,2.1479968909998206,62.838,1400.0,
832,True,0,2.466837,2.6238663620001716,62.3,1400.0,
833,True,0,2.498721,2.6501379850001285,63.376,1400.0,
834,True,0,2.611245,2.7634534310000163,62.3,1400.0,
835,True,0,2.524143,2.67706694699973,62.3,1400.0,
836,True,0,2.436211,2.588647392999974,63.376,1400.0,
837,True,0,2.399867,2.5536853090002296,62.838,1400.0,
838,True,0,2.691741,2.843946052999854,62.3,1400.0,
839,True,0,2.732499,2.8914523820003524,62.838,1400.0,
840,True,0,2.481381,2.6338933000001816,63.376,1400.0,
841,True,0,2.358548,2.5110272910001186,62.838,1400.0,
842,True,0,2.604644,2.759897108000132,62.3,1400.0,
843,True,0,2.395427,2.5502743590000136,62.838,1400.0,
844,True,0,2.553832,2.706899476000217,63.376,1400.0,
845,True,0,2.530927,2.685430600000018,62.838,1400.0,
846,True,0,2.599592,2.7502009650002037,62.838,1400.0,
847,True,0,2.483828,2.6363908790003734,63.376,1400.0,
848,True,0,2.409098,2.561530054999821,62.838,1400.0,
849,True,0,2.742109,2.898338171999967,62.838,1400.0,
850,True,0,2.534628,2.688177091000398,63.376,1400.0,
851,True,0,2.623147,2.7757522110000536,62.3,1400.0,
852,True,0,2.615997,2.7696161759999995,63.376,1400.0,
853,True,0,2.529657,2.683771151000201,62.3,1400.0,
854,True,0,2.542099,2.6964157110000997,62.838,1400.0,
855,True,0,2.649809,2.802216688000044,63.376,1400.0,
856,True,0,2.563331,2.7160997370001496,62.838,1400.0,
857,True,0,2.491054,2.648790985999767,62.838,1400.0,
858,True,0,2.561028,2.714426973999707,62.838,1400.0,
859,True,0,2.564244,2.7189494640001612,62.3,1400.0,
860,True,0,2.616351,2.7691403710000486,63.376,1400.0,
861,True,0,2.447862,2.601810839999871,62.838,1400.0,
862,True,0,2.553119,2.7069752550000885,63.376,1400.0,
863,True,0,2.533681,2.687796480000088,63.376,1400.0,
864,True,0,2.559416,2.7116757630001302,62.838,1400.0,
865,True,0,2.444555,2.597344066000005,62.3,1400.0,
866,True,0,2.620477,2.775052219000372,63.376,1400.0,
867,True,0,2.609995,2.764271450999786,63.376,1400.0,
868,True,0,2.475362,2.6327514489998975,62.838,1400.0,
869,True,0,2.574802,2.726802912000039,62.838,1400.0,
870,True,0,2.395321,2.549698138000167,63.376,1400.0,
871,True,0,2.486887,2.6387478380001994,62.838,1400.0,
872,True,0,2.568451,2.72268442099994,62.838,1400.0,
873,True,0,2.446576,2.600009509999836,62.3,1400.0,
874,True,0,2.69427,2.8555613920002543,62.838,1400.0,
875,True,0,2.352206,2.5161364599998706,62.838,1400.0,
876,True,0,2.648563,2.8059063089999654,63.376,1400.0,
877,True,0,2.48464,2.637710792999769,62.838,1400.0,
878,True,0,2.59791,2.7530952419997448,62.838,1400.0,
879,True,0,2.645941,2.7975065739997262,62.3,1400.0,
880,True,0,2.401868,2.5588812239998333,63.376,1400.0,
881,True,0,2.52379,2.6777445210000224,63.376,1400.0,
882,True,0,2.398499,2.551236855999832,62.838,1400.0,
883,True,0,2.648325,2.800699422999969,62.838,1400.0,
884,True,0,2.592891,2.744784510000045,62.838,1400.0,
885,True,0,2.567495,2.7194190270001855,62.838,1400.0,
886,True,0,2.554504,2.710521539000183,62.838,1400.0,
887,True,0,2.558286,2.7105045569996946,62.3,1400.0,
888,True,0,2.365688,2.5186413729998094,62.838,1400.0,
889,True,0,2.733107,2.884876614999939,62.838,1400.0,
890,True,0,2.562711,2.714950637000129,62.838,1400.0,
891,True,0,2.737027,2.889919414999895,62.838,1400.0,
892,True,0,2.434056,2.5882635949997166,62.3,1400.0,
893,True,0,2.27096,2.424417293999795,62.838,1400.0,
894,True,0,2.434979,2.587656143999993,63.376,1400.0,
895,True,0,2.65598,2.808021829000154,62.838,1400.0,
896,True,0,2.356695,2.51015162900012,62.838,1400.0,
897,True,0,2.553721,2.7073137570000654,62.3,1400.0,
898,True,0,2.618016,2.7733891160000894,62.838,1400.0,
899,True,0,2.767065,2.9203826259999914,62.838,1400.0,
900,True,0,2.485013,2.637189018999834,62.3,1400.0,
901,True,0,2.280279,2.432441014000233,63.376,1400.0,
902,True,0,2.601944,2.75589788499974,62.3,1400.0,
903,True,0,2.521084,2.673467599000105,63.376,1400.0,
904,True,0,2.403671,2.5545277380001608,62.838,1400.0,
905,True,0,2.609685,2.7635497410001335,63.376,1400.0,
906,True,0,2.359294,2.512202021000121,62.838,1400.0,
907,True,0,2.367546,2.52085137999984,62.838,1400.0,
908,True,0,2.302065,2.455166328999894,63.376,1400.0,
909,True,0,2.563118,2.7214651650001542,62.838,1400.0,
910,True,0,2.616482,2.778610382000352,63.376,1400.0,
911,True,0,2.491592,2.643037058000118,62.838,1400.0,
912,True,0,2.475608,2.629702703000021,62.838,1400.0,
913,True,0,2.56714,2.72119692699971,63.376,1400.0,
914,True,0,2.691367,2.8458028670002022,63.376,1400.0,
915,True,0,2.684616,2.837417619000007,63.376,1400.0,
916,True,0,2.636308,2.7886650909999844,63.376,1400.0,
917,True,0,2.45048,2.602023883000129,63.376,1400.0,
918,True,0,2.620048,2.77402047600026,63.376,1400.0,
919,True,0,2.652428,2.8065853680000146,62.838,1400.0,
920,True,0,2.566288,2.717847126000379,62.838,1400.0,
921,True,0,2.592444,2.745014579000326,62.838,1400.0,
922,True,0,2.645841,2.7980920939999123,63.376,1400.0,
923,True,0,2.480422,2.633118923999973,62.838,1400.0,
924,True,0,2.355126,2.5111208409998653,63.376,1400.0,
925,True,0,2.310103,2.464207009999882,62.838,1400.0,
926,True,0,2.493893,2.645712646999982,62.3,1400.0,
927,True,0,2.611891,2.763476358999924,63.376,1400.0,
928,True,0,2.647179,2.7990249449999283,62.838,1400.0,
929,True,0,2.698233,2.8512235539997164,62.838,1400.0,
930,True,0,2.761694,2.9137362100000246,63.376,1400.0,
931,True,0,2.697786,2.8501120939999964,62.838,1400.0,
932,True,0,2.777543,2.9289618580000933,62.838,1400.0,
933,True,0,2.599081,2.7511530849997143,63.914,1400.0,
934,True,0,2.569647,2.721732088999943,62.838,1400.0,
935,True,0,2.59725,2.748716105999847,62.838,1400.0,
936,True,0,2.643499,2.7965018579998286,63.376,1400.0,
937,True,0,2.612283,2.766578469000251,62.838,1400.0,
938,True,0,2.640935,2.793095818999973,63.376,1400.0,
939,True,0,2.39584,2.548663511000086,62.838,1400.0,
940,True,0,2.610109,2.7610355029996754,63.376,1400.0,
941,True,0,2.521326,2.6752913199998147,63.376,1400.0,
942,True,0,2.475628,2.628394936999939,63.376,1400.0,
943,True,0,2.562648,2.7139304190000075,63.376,1400.0,
944,True,0,2.320568,2.4720430550000856,63.376,1400.0,
945,True,0,2.690676,2.8426722340000197,63.376,1400.0,
946,True,0,2.676846,2.829215429999749,62.838,1400.0,
947,True,0,2.577289,2.7281452319998607,62.838,1400.0,
948,True,0,2.419329,2.571499395000046,63.376,1400.0,
949,True,0,2.438177,2.589566237999861,62.838,1400.0,
950,True,0,2.562491,2.7142737910003234,62.838,1400.0,
951,True,0,2.487399,2.6405503169999065,62.838,1400.0,
952,True,0,2.473624,2.6282502839999324,62.838,1400.0,
953,True,0,2.369945,2.517996506000145,63.376,1400.0,
954,True,0,2.315914,2.4658173210000314,62.838,1400.0,
955,True,0,2.708036,2.8591271360000974,62.838,1400.0,
956,True,0,2.608359,2.7573611560001154,62.3,1400.0,
957,True,0,2.598094,2.74841293999998,62.3,1400.0,
958,True,0,2.729158,2.87792662999982,62.838,1400.0,
959,True,0,2.594522,2.742340237999997,62.838,1400.0,
960,True,0,2.637517,2.791585103000216,62.3,1400.0,
961,True,0,2.481332,2.6300388069998917,62.838,1400.0,
962,True,0,2.649872,2.799928836000163,62.838,1400.0,
963,True,0,2.702406,2.8514791650000006,63.376,1400.0,
964,True,0,2.569964,2.7193207369996344,63.914,1400.0,
965,True,0,2.619098,2.7699360670003443,62.838,1400.0,
966,True,0,2.485283,2.6358947260000605,63.376,1400.0,
967,True,0,2.615537,2.7651692489998823,63.376,1400.0,
968,True,0,2.489365,2.638625604000026,62.838,1400.0,
969,True,0,2.682244,2.8328460600000653,63.376,1400.0,
970,True,0,2.556165,2.705045229999996,63.376,1400.0,
971,True,0,2.650098,2.7998134029999164,62.838,1400.0,
972,True,0,2.729924,2.8846813850000217,62.838,1400.0,
973,True,0,2.703661,2.852347998999903,63.376,1400.0,
974,True,0,2.443849,2.591472651999993,63.376,1400.0,
975,True,0,2.551174,2.7036584530001164,63.376,1400.0,
976,True,0,2.514091,2.6634258109997972,63.376,1400.0,
977,True,0,2.404575,2.555616457999804,63.376,1400.0,
978,True,0,2.534802,2.6833065549999446,63.376,1400.0,
979,True,0,2.622362,2.7712264589999904,63.376,1400.0,
980,True,0,2.630291,2.786241796000013,62.838,1400.0,
981,True,0,2.728642,2.8768972690004375,63.376,1400.0,
982,True,0,2.639877,2.7888996540000335,63.376,1400.0,
983,True,0,2.602009,2.750343310000062,62.3,1400.0,
984,True,0,2.615518,2.767049844000212,63.376,1400.0,
985,True,0,2.364434,2.513614381000025,63.376,1400.0,
986,True,0,2.396749,2.5457751590001862,62.838,1400.0,
987,True,0,2.693672,2.8438180429998283,63.376,1400.0,
988,True,0,2.476056,2.626326166999661,63.376,1400.0,
989,True,0,2.562872,2.713338050999937,62.838,1400.0,
990,True,0,2.488671,2.637882654999885,62.838,1400.0,
991,True,0,2.40261,2.5511874349999744,62.838,1400.0,
992,True,0,2.521964,2.6727406670001983,62.838,1400.0,
993,True,0,2.213075,2.3667622739999388,62.838,1400.0,
994,True,0,2.574577,2.7339709259999836,63.376,1400.0,
995,True,0,2.498469,2.6481020060000446,62.838,1400.0,
996,True,0,2.574115,2.723388180999791,63.376,1400.0,
997,True,0,2.447743,2.5988915140001154,63.376,1400.0,
998,True,0,2.511632,2.6616189070000473,62.838,1400.0,
999,True,0,2.607695,2.7555049450002116,62.838,1400.0,
1000,True,0,2.528606,2.677081168999848,62.838,1400.0,
